,nombre,Ciudad,Departamento,Pais,descripcion,latitud,longitud
0,La Abuela Nita,Rionegro,Antioquia,Colombia,"<span class=""grey""> / Restaurante</span>",6.121167,-75.4283507
1,Crepes & Waffles,Rionegro,Antioquia,Colombia,"<span class=""grey""> / Restaurante</span>",6.1474918,-75.37857389999999
2,Della Nonna Llanogrande,Rionegro,Antioquia,Colombia,"<span class=""grey""> / Restaurante, Italiana, Marisco</span>",6.1249161,-75.4232206
3,El Porton,Rionegro,Antioquia,Colombia,"<span class=""grey""> / Pizzería, Pub y bar</span>",6.129568,-75.379701
4,Dulce Contigo,Rionegro,Antioquia,Colombia,"<span class=""grey""> / Postres</span>",6.130126199999999,-75.3805849
5,Cazuela y Tizon,Rionegro,Antioquia,Colombia,"<span class=""grey""> / Restaurante, Marisco</span>",6.1306386,-75.37976069999999
6,Brasas Parrilla Bar,Rionegro,Antioquia,Colombia,"<span class=""grey""> / Restaurante, Barbacoa, Pub y bar, Parrilla</span>",6.127123,-75.416125
7,Postres San Antonio,Rionegro,Antioquia,Colombia,"<span class=""grey""> / Restaurante, Postres</span>",6.1295157,-75.3805986
8,Mundos,Rionegro,Antioquia,Colombia,"<span class=""grey""> / Restaurante, Barbacoa, Parrilla</span>",6.149018799999999,-75.3789523
9,Savannah,Rionegro,Antioquia,Colombia,"<span class=""grey""> / Restaurante, Parrilla, Pub y bar, Barbacoa</span>",,
10,Nido Del Jabali,Rionegro,Antioquia,Colombia,"<span class=""grey""> / Comida rápida, Restaurante, Pizzería, Pub y bar</span>",6.1534026,-75.3747401
11,Crepes & Waffles Llanogrande,Rionegro,Antioquia,Colombia,"<span class=""grey""> / Restaurante</span>",6.1236992,-75.4230355
12,Folklore,Rionegro,Antioquia,Colombia,"<span class=""grey""> / Restaurante</span>",6.1478131,-75.3867788
13,restaurante el patio de san antonio,Rionegro,Antioquia,Colombia,"<span class=""grey""> / Restaurante</span>",6.1291214,-75.3798166
14,La Taberna Pizza Bar,Rionegro,Antioquia,Colombia,"<span class=""grey""> / Restaurante, Pub y bar, Pizzería</span>",6.138583199999999,-75.3849563
15,Milagros,Rionegro,Antioquia,Colombia,"<span class=""grey""> / Restaurante, Mexicana</span>",6.1582469,-75.3705021
16,The Beef Store,Rionegro,Antioquia,Colombia,"<span class=""grey""> / Café, Comida rápida, Restaurante, Pub y bar, Pizzería</span>",6.1512496,-75.4087404
17,Chabuca,Rionegro,Antioquia,Colombia,"<span class=""grey""> / Restaurante</span>",6.208768,-75.5657688
18,Artesano Express,Rionegro,Antioquia,Colombia,"<span class=""grey""> / Restaurante</span>",6.175987,-75.3461286
19,Sushi 7,Rionegro,Antioquia,Colombia,"<span class=""grey""> / Restaurante, Marisco, Sushi</span>",6.1257519,-75.421173
20,Lazzaroni Cg Pizzería,Rionegro,Antioquia,Colombia,"<span class=""grey""> / Restaurante, Italiana, Comida rápida, Pizzería</span>",6.1274188,-75.3825872
21,Mundos Ribs,Rionegro,Antioquia,Colombia,"<span class=""grey""> / Restaurante, Parrilla, Barbacoa</span>",6.1522694,-75.3710633
22,Don de Nico Restaurante Paisa,Rionegro,Antioquia,Colombia,"<span class=""grey""> / Restaurante</span>",6.1740697,-75.4333419
23,La Torre Gourmet,Rionegro,Antioquia,Colombia,"<span class=""grey""> / Restaurante</span>",6.1252698,-75.4235971
24,Estadero El Paraíso,Rionegro,Antioquia,Colombia,"<span class=""grey""> / Restaurante</span>",6.1847446,-75.37525480000001
25,Napoles,Rionegro,Antioquia,Colombia,"<span class=""grey""> / Restaurante, Pizzería</span>",6.1474958,-75.380608
26,Pizzas con Sentido Rionegro,Rionegro,Antioquia,Colombia,"<span class=""grey""> / Restaurante, Comida rápida, Pizzería</span>",6.1508394,-75.39194309999999
27,Bbq Wings Express,Rionegro,Antioquia,Colombia,"<span class=""grey""> / Comida rápida, Barbacoa, Restaurante</span>",6.1481765,-75.38659299999999
28,Jalapeño,Rionegro,Antioquia,Colombia,"<span class=""grey""> / Restaurante, Mexicana</span>",6.1256851,-75.4191262
29,Xtreme Wings,Rionegro,Antioquia,Colombia,"<span class=""grey""> / Restaurante, Comida rápida</span>",6.1492209,-75.3681021
30,Las Falabellas,Rionegro,Antioquia,Colombia,"<span class=""grey""> / Restaurante, Barbacoa, Pub y bar</span>",6.1175688,-75.3893172
31,BEER,Rionegro,Antioquia,Colombia,"<span class=""grey""> / Pub y bar, Restaurante</span>",6.127664999999999,-75.382212
32,Pollo Argentino a la Brasa,Rionegro,Antioquia,Colombia,"<span class=""grey""> / Restaurante</span>",6.149543899999999,-75.3882081
33,Pacho Asados,Rionegro,Antioquia,Colombia,"<span class=""grey""> / Restaurante, Barbacoa</span>",6.138394799999999,-75.38464809999999
34,Restaurante El Manantial,Rionegro,Antioquia,Colombia,"<span class=""grey""> / Comida rápida, Restaurante</span>",6.154376,-75.3739166
35,Di Vino,Rionegro,Antioquia,Colombia,"<span class=""grey""> / Restaurante, Pub y bar, Barbacoa</span>",6.1294464,-75.3799982
36,Lleno de Gracia,Rionegro,Antioquia,Colombia,"<span class=""grey""> / Café, Restaurante</span>",6.1562337,-75.3717498
37,Club Campestre Llanogrande,Rionegro,Antioquia,Colombia,"<span class=""grey""> / Club</span>",6.113353699999999,-75.4091612
38,Jack's BURGER,Rionegro,Antioquia,Colombia,"<span class=""grey""> / Restaurante</span>",6.1474965,-75.38807659999999
39,Q CHIDO,Rionegro,Antioquia,Colombia,"<span class=""grey""> / Restaurante, Mexicana</span>",6.1558811,-75.3741332
40,Los Trailers Llanogrande,Rionegro,Antioquia,Colombia,"<span class=""grey""> / Restaurante, Pizzería, Sushi, Pub y bar, Barbacoa</span>",6.136703199999999,-75.3915901
41,Mistica burger,Rionegro,Antioquia,Colombia,"<span class=""grey""> / Restaurante, Pub y bar</span>",6.146643,-75.379671
42,Puebla (San Antonio De Pereira),Rionegro,Antioquia,Colombia,"<span class=""grey""> / Restaurante, Mexicana</span>",6.128852999999999,-75.3814003
43,Dogger,Rionegro,Antioquia,Colombia,"<span class=""grey""> / Comida rápida, Restaurante</span>",6.1475,-75.3786111
44,Restaurante la casita de ROS,Rionegro,Antioquia,Colombia,"<span class=""grey""> / Restaurante</span>",6.146855599999999,-75.3836051
45,Asados Pachos,Rionegro,Antioquia,Colombia,"<span class=""grey""> / Barbacoa</span>",6.138394799999999,-75.38464809999999
46,DELICIAS LA 41,Rionegro,Antioquia,Colombia,"<span class=""grey""> / Restaurante</span>",6.1487373,-75.3878984
47,Pikeniqué Llanogrande,Rionegro,Antioquia,Colombia,"<span class=""grey""> / Restaurante</span>",6.148161099999999,-75.4196947
48,Pisco y Marisco,Rionegro,Antioquia,Colombia,"<span class=""grey""> / Marisco, Restaurante</span>",6.1247006,-75.42299059999999
49,Trattoria Grappolo,Rionegro,Antioquia,Colombia,"<span class=""grey""> / Café, Restaurante, Italiana, Pub y bar, Pizzería</span>",6.0796903,-75.4244015
50,Caña Fístola,Rionegro,Antioquia,Colombia,"<span class=""grey""> / Pub y bar</span>",6.1315083,-75.4004331
51,pizzoli restaurante,Rionegro,Antioquia,Colombia,"<span class=""grey""> / Restaurante, Pizzería</span>",6.127118900000001,-75.4217295
52,LAS CARNES EXPRESS,Rionegro,Antioquia,Colombia,"<span class=""grey""> / Restaurante</span>",6.1530849,-75.4087579
53,La Mesa De Luis,Rionegro,Antioquia,Colombia,"<span class=""grey""> / Restaurante, Pizzería</span>",6.1257874,-75.4196583
54,El Rancherito,Rionegro,Antioquia,Colombia,"<span class=""grey""> / Restaurante</span>",6.170763399999999,-75.4276201
55,Terra Brazza,Rionegro,Antioquia,Colombia,"<span class=""grey""> / Restaurante</span>",6.1246583,-75.4212029
56,Pizzas Piccolo Llanogrande,Rionegro,Antioquia,Colombia,"<span class=""grey""> / Restaurante, Pizzería, Comida rápida</span>",6.1244743,-75.41963419999999
57,San Antonio Picnic,Rionegro,Antioquia,Colombia,"<span class=""grey""> / Restaurante</span>",6.1203045,-75.3776144
58,Papa John's,Rionegro,Antioquia,Colombia,"<span class=""grey""> / Restaurante, Pizzería</span>",6.1238096,-75.422767
59,Café Amoretto,Rionegro,Antioquia,Colombia,"<span class=""grey""> / Coffee houses, Postres, Café, Cafetería</span>",6.1308264,-75.3804068
60,L'areppa,Rionegro,Antioquia,Colombia,"<span class=""grey""> / Barbacoa, Restaurante, Parrilla</span>",6.153002,-75.40827
61,Os campestre,Rionegro,Antioquia,Colombia,"<span class=""grey""> / Restaurante</span>",6.1507646,-75.4155049
62,Villa campestre la Macarena,Rionegro,Antioquia,Colombia,"<span class=""grey""> / Restaurante</span>",6.1493287,-75.3574841
63,Steak Blue Restaurante Parrilla Bar,Rionegro,Antioquia,Colombia,"<span class=""grey""> / Restaurante, Pub y bar, Parrilla</span>",6.132063200000001,-75.40110059999999
64,"Poulet ""Parrilla Bar""",Rionegro,Antioquia,Colombia,"<span class=""grey""> / Pub y bar, Restaurante, Parrilla</span>",6.1317195,-75.37913449999999
65,Restaurante Vegetariano Todo Natural,Rionegro,Antioquia,Colombia,"<span class=""grey""> / Restaurante, Vegetarianos</span>",6.151919899999999,-75.37374799999999
66,Kit Kof Rionegro,Rionegro,Antioquia,Colombia,"<span class=""grey""> / Restaurante</span>",6.1473553,-75.37107379999999
67,Ya Supe Lupe,Rionegro,Antioquia,Colombia,"<span class=""grey""> / Restaurante</span>",6.1274954,-75.38251439999999
68,Piket ´Ando,Rionegro,Antioquia,Colombia,"<span class=""grey""> / Restaurante</span>",6.1503266,-75.42049279999999
69,il forno CC. San Nicolás I Rionegro,Rionegro,Antioquia,Colombia,"<span class=""grey""> / Restaurante, Italiana</span>",6.1475138,-75.37814709999999
70,RESTAURANTE ENTRECOTE,Rionegro,Antioquia,Colombia,"<span class=""grey""> / Restaurante</span>",6.1494917,-75.3857455
71,Porko burger,Rionegro,Antioquia,Colombia,"<span class=""grey""> / Restaurante</span>",6.1313125,-75.3815625
72,Brasa Llanera,Rionegro,Antioquia,Colombia,"<span class=""grey""> / Restaurante, Parrilla, Barbacoa</span>",6.120409,-75.4291839
73,M&R Ricuras Venezolanas,Rionegro,Antioquia,Colombia,"<span class=""grey""> / Comida rápida, Restaurante</span>",6.128681599999999,-75.379718
74,Matajo Burger,Rionegro,Antioquia,Colombia,"<span class=""grey""> / Restaurante</span>",6.1466924,-75.3531043
75,Pollos Llanogrande Al Carbón,Rionegro,Antioquia,Colombia,"<span class=""grey""> / Restaurante, Barbacoa</span>",6.126055399999999,-75.4181127
76,Domino's Pizza,Rionegro,Antioquia,Colombia,"<span class=""grey""> / Restaurante, Pizzería</span>",6.1507711,-75.3908781
77,Supermercado Panorama,Rionegro,Antioquia,Colombia,"<span class=""grey""> / Restaurante</span>",6.103211,-75.42572799999999
78,fior di latte helado y cafe,Rionegro,Antioquia,Colombia,"<span class=""grey""> / Café, Cafetería</span>",6.1487032,-75.38349989999999
79,Niko Parrilla Express,Rionegro,Antioquia,Colombia,"<span class=""grey""> / Restaurante, Parrilla</span>",6.1272395,-75.4164863
80,Juan del Alma,Rionegro,Antioquia,Colombia,"<span class=""grey""> / Restaurante</span>",6.164244,-75.4559124
81,HOTEL VALLE DE SAN NICOLAS,Rionegro,Antioquia,Colombia,"<span class=""grey""> / Restaurante</span>",6.1506876,-75.3740098
82,Chef House,Rionegro,Antioquia,Colombia,"<span class=""grey""> / Restaurante, Pub y bar</span>",6.155291099999999,-75.3720293
83,The Original Ribs,Rionegro,Antioquia,Colombia,"<span class=""grey""> / Restaurante</span>",6.1498249,-75.41924569999999
84,Amanita Pizza,Rionegro,Antioquia,Colombia,"<span class=""grey""> / Comida rápida, Pizzería, Restaurante</span>",6.152330099999999,-75.3903204
85,Sabor Dulce y Picante,Rionegro,Antioquia,Colombia,"<span class=""grey""> / Restaurante</span>",6.1507754,-75.380029
86,Empanadas del gato felix,Rionegro,Antioquia,Colombia,"<span class=""grey""> / Restaurante</span>",6.1288747,-75.381695
87,Cien Fuegos,Rionegro,Antioquia,Colombia,"<span class=""grey""> / Restaurante</span>",6.148868,-75.388057
88,Poulet San Antonio,Rionegro,Antioquia,Colombia,"<span class=""grey""> / Restaurante, Pub y bar</span>",6.1317172,-75.37912949999999
89,La Ruta,Rionegro,Antioquia,Colombia,"<span class=""grey""> / Restaurante, Pub y bar</span>",6.142179500000001,-75.3730831
90,La Sazón de Pérez,Rionegro,Antioquia,Colombia,"<span class=""grey""> / Restaurante</span>",6.1263549,-75.38383280000001
91,Wild Wings,Rionegro,Antioquia,Colombia,"<span class=""grey""> / Restaurante</span>",6.131181199999999,-75.3989734
92,Hornearte,Rionegro,Antioquia,Colombia,"<span class=""grey""> / Postres</span>",6.132205,-75.40630999999999
93,SNACKS Costillas Y Alitas,Rionegro,Antioquia,Colombia,"<span class=""grey""> / Restaurante</span>",6.1491795,-75.387168
94,Cipriani,Rionegro,Antioquia,Colombia,"<span class=""grey""> / Pizzería, Restaurante, Italiana</span>",6.138371999999999,-75.3851725
95,Postrelatto,Rionegro,Antioquia,Colombia,"<span class=""grey""> / Restaurante</span>",6.1536697,-75.37443189999999
96,Guigos pizzeria express,Rionegro,Antioquia,Colombia,"<span class=""grey""> / Restaurante, Comida rápida, Pizzería</span>",6.150675,-75.389146
97,Taller de hamburguesas,Rionegro,Antioquia,Colombia,"<span class=""grey""> / Restaurante, Comida rápida</span>",6.1480008,-75.38612189999999
98,el porton llanero,Rionegro,Antioquia,Colombia,"<span class=""grey""> / Restaurante, Parrilla, Barbacoa</span>",6.151650999999999,-75.3751296
99,El Corral,Rionegro,Antioquia,Colombia,"<span class=""grey""> / Comida rápida, Restaurante</span>",6.1238,-75.42322
100,Las Mil Llanogrande,Rionegro,Antioquia,Colombia,"<span class=""grey""> / Restaurante, Pub y bar</span>",6.1252837,-75.4236303
101,Bar El Rodeo,Rionegro,Antioquia,Colombia,"<span class=""grey""> / Pub y bar, Restaurante</span>",6.127878,-75.381857
102,Roller Burguer Gourmet,Rionegro,Antioquia,Colombia,"<span class=""grey""> / Barbacoa, Restaurante</span>",6.1492959,-75.3910495
103,restaurante orzo,Rionegro,Antioquia,Colombia,"<span class=""grey""> / Restaurante</span>",6.1244352,-75.423408
104,Restaurante Mondongos,Rionegro,Antioquia,Colombia,"<span class=""grey""> / Restaurante</span>",6.154334,-75.370654
105,CALICHEPAN,Rionegro,Antioquia,Colombia,"<span class=""grey""> / Café, Coffee houses</span>",6.128088,-75.38178599999999
106,Flamas parrilla bar,Rionegro,Antioquia,Colombia,"<span class=""grey""> / Restaurante, Parrilla, Pub y bar</span>",6.1518577,-75.375452
107,Parrilla bar El Tablón,Rionegro,Antioquia,Colombia,"<span class=""grey""> / Restaurante, Pub y bar, Barbacoa, Parrilla</span>",6.1304414,-75.3797712
108,Restaurante Bar santa Pieta,Rionegro,Antioquia,Colombia,"<span class=""grey""> / Pub y bar, Restaurante</span>",6.1479178,-75.3828296
109,Frisby Reserva Plaza,Rionegro,Antioquia,Colombia,"<span class=""grey""> / Restaurante</span>",6.1510722,-75.3925414
110,Brasa y Leña,Rionegro,Antioquia,Colombia,"<span class=""grey""> / Restaurante</span>",6.130931700000001,-75.3797037
111,La Parrilla Del Chef,Rionegro,Antioquia,Colombia,"<span class=""grey""> / Restaurante, Parrilla</span>",6.1281683,-75.3816812
112,Burger King,Rionegro,Antioquia,Colombia,"<span class=""grey""> / Restaurante</span>",6.1475838,-75.3787979
113,Rancho Hildebrando,Rionegro,Antioquia,Colombia,"<span class=""grey""> / Café, Restaurante, Pub y bar, Barbacoa</span>",6.1301535,-75.3805837
114,Restaurante Kioskos,Rionegro,Antioquia,Colombia,"<span class=""grey""> / Restaurante</span>",6.149018799999999,-75.3789523
115,Fuego Sagrado,Rionegro,Antioquia,Colombia,"<span class=""grey""> / Comida rápida, Restaurante</span>",6.128006999999999,-75.38168449999999
116,Sabor & Arte Al Carbón,Rionegro,Antioquia,Colombia,"<span class=""grey""> / Pizzería, Restaurante</span>",6.162326999999999,-75.3689986
117,El Palacio de los Frijoles,Rionegro,Antioquia,Colombia,"<span class=""grey""> / Restaurante</span>",6.146711799999999,-75.37939399999999
118,BEEF PARRILLA SAN ANTONIO,Rionegro,Antioquia,Colombia,"<span class=""grey""> / Restaurante, Parrilla</span>",6.129978400000001,-75.38133789999999
119,Tucan Cafe,Rionegro,Antioquia,Colombia,"<span class=""grey""> / Comida rápida, Café, Restaurante</span>",6.1408191,-75.3799817
120,Mall la contenta,Rionegro,Antioquia,Colombia,"<span class=""grey""> / Restaurante</span>",6.1527749,-75.4096546
121,Minimercado El Llanito,Rionegro,Antioquia,Colombia,"<span class=""grey""> / Restaurante</span>",6.150017,-75.395443
122,Pisco y Marisco,Rionegro,Antioquia,Colombia,"<span class=""grey""> / Marisco, Restaurante</span>",6.1247006,-75.42299059999999
123,La Colonia Galeria Gastronomica,Rionegro,Antioquia,Colombia,"<span class=""grey""> / Restaurante</span>",6.1210673,-75.4281472
124,Brac Food & Wine,Rionegro,Antioquia,Colombia,"<span class=""grey""> / Pub y bar, Restaurante, Barbacoa</span>",6.1275052,-75.4160739
125,The Fries Expertos En Papas,Rionegro,Antioquia,Colombia,"<span class=""grey""> / Restaurante</span>",6.1274995,-75.3822598
126,Restaurante La Panera,Rionegro,Antioquia,Colombia,"<span class=""grey""> / Restaurante</span>",6.1508689,-75.3955325
127,El Coyote,Rionegro,Antioquia,Colombia,"<span class=""grey""> / Restaurante</span>",6.129354999999999,-75.3800924
128,Donde Martha Comidas Rapidas,Rionegro,Antioquia,Colombia,"<span class=""grey""> / Restaurante</span>",6.130602199999999,-75.379635
129,Subway,Rionegro,Antioquia,Colombia,"<span class=""grey""> / Marisco, Comida rápida</span>",6.1534026,-75.3747401
130,Mar y Fuego Restaurante - Bar,Rionegro,Antioquia,Colombia,"<span class=""grey""> / Pub y bar, Restaurante</span>",6.136921999999999,-75.3911333
131,Hamburguesas Rionegro | Qsollados,Rionegro,Antioquia,Colombia,"<span class=""grey""> / Comida rápida, Restaurante</span>",6.1480008,-75.38612189999999
132,La Pizarra Gourmet “Bar & Grill”,Rionegro,Antioquia,Colombia,"<span class=""grey""> / Barbacoa, Pub y bar, Restaurante</span>",6.1274695,-75.3825731
133,Rollings Deluxe,Rionegro,Antioquia,Colombia,"<span class=""grey""> / Comida rápida, Restaurante</span>",6.125941399999999,-75.41925499999999
134,Comidas Rápidas El Cucho,Rionegro,Antioquia,Colombia,"<span class=""grey""> / Restaurante</span>",6.1573661,-75.3751477
135,Veggiverso,Rionegro,Antioquia,Colombia,"<span class=""grey""> / Restaurante, Vegetarianos</span>",6.020473399999999,-75.4330923
136,Haré Pa' Tu Gusto,Rionegro,Antioquia,Colombia,"<span class=""grey""> / Restaurante</span>",6.149034899999999,-75.3681166
137,El rancho de Juanda,Rionegro,Antioquia,Colombia,"<span class=""grey""> / Restaurante</span>",6.157173999999999,-75.37519259999999
138,Helga Pizzeria & La Terraza Bar - La Ceja,Rionegro,Antioquia,Colombia,"<span class=""grey""> / Pub y bar, Pizzería, Restaurante</span>",6.0305355,-75.4311227
139,Sr PIG,Rionegro,Antioquia,Colombia,"<span class=""grey""> / Comida rápida, Restaurante</span>",6.177638,-75.5859524
140,NUNKI WINGS,Rionegro,Antioquia,Colombia,"<span class=""grey""> / Comida rápida, Restaurante</span>",6.149121399999999,-75.3861811
141,Asados Doña Rosa,Rionegro,Antioquia,Colombia,"<span class=""grey""> / Restaurante, Barbacoa</span>",6.1478878,-75.3781642
142,Fonda La Mariana,Rionegro,Antioquia,Colombia,"<span class=""grey""> / Restaurante</span>",6.127652599999999,-75.4158147
143,Asadero Rapi Pollo,Rionegro,Antioquia,Colombia,"<span class=""grey""> / Comida rápida, Restaurante</span>",6.152024,-75.3744
144,Simon Panadero,Rionegro,Antioquia,Colombia,"<span class=""grey""> / Restaurante</span>",6.1562065,-75.3690682
145,Cafeteria y restaurante Coffee Break,Rionegro,Antioquia,Colombia,"<span class=""grey""> / Coffee houses, Restaurante, Cafetería</span>",6.1459627,-75.37934
146,Pataconia,Rionegro,Antioquia,Colombia,"<span class=""grey""> / Restaurante</span>",6.1501226,-75.39305940000001
147,Beijing Yue Yuan,Rionegro,Antioquia,Colombia,"<span class=""grey""> / China</span>",6.127761599999999,-75.3823756
148,Banquetes La Porteñita,Rionegro,Antioquia,Colombia,"<span class=""grey""> / Restaurante</span>",6.153595,-75.4093288
149,BEEF PARRILLA PORVENIR,Rionegro,Antioquia,Colombia,"<span class=""grey""> / Restaurante, Parrilla</span>",6.1480042,-75.386562
150,Hel'arte Helados Fritos,Rionegro,Antioquia,Colombia,"<span class=""grey""> / Restaurante</span>",6.1303278,-75.3797601
151,Winpies,Rionegro,Antioquia,Colombia,"<span class=""grey""> / Pizzería, Restaurante</span>",6.130367499999999,-75.3813351
152,Relax Wings,Rionegro,Antioquia,Colombia,"<span class=""grey""> / Comida rápida, Restaurante, Pub y bar</span>",6.1555431,-75.3735729
153,Barcelona,Rionegro,Antioquia,Colombia,"<span class=""grey""> / Pub y bar, Restaurante</span>",6.1326274,-75.3788035
154,Finca hotel zona 7,Rionegro,Antioquia,Colombia,"<span class=""grey""> / Restaurante, Comida rápida, Cafetería, Coffee houses</span>",6.1961086,-75.36476139999999
155,Crokan Pollo,Rionegro,Antioquia,Colombia,"<span class=""grey""> / Restaurante</span>",6.1482266,-75.3866039
156,Randys Sports Bar & Grill,Rionegro,Antioquia,Colombia,"<span class=""grey""> / Barbacoa, Pub y bar, Restaurante</span>",6.1264088,-75.42400239999999
157,Mundo Verde,Rionegro,Antioquia,Colombia,"<span class=""grey""> / Restaurante</span>",6.1240706,-75.4214349
158,La Villa,Rionegro,Antioquia,Colombia,"<span class=""grey""> / Pub y bar, Restaurante, Comida rápida</span>",6.1493287,-75.3574841
159,Líbano Pizza,Rionegro,Antioquia,Colombia,"<span class=""grey""> / Pizzería, Restaurante, Comida rápida</span>",6.148675,-75.38633999999999
160,La Abuela Nita,Rionegro,Antioquia,Colombia,"<span class=""grey""> / Restaurante</span>",6.121167,-75.4283507
161,"Pizza, Rush Pizzería, Domicilios, Rionegro",Rionegro,Antioquia,Colombia,"<span class=""grey""> / Comida rápida, Restaurante, Pizzería</span>",6.1298137,-75.3814526
162,Olé,Rionegro,Antioquia,Colombia,"<span class=""grey""> / Restaurante</span>",6.1275903,-75.4236128
163,Coma Y Vuelva,Rionegro,Antioquia,Colombia,"<span class=""grey""> / Barbacoa, Restaurante</span>",6.1489948,-75.3861647
164,Marinero´s Restaurant,Rionegro,Antioquia,Colombia,"<span class=""grey""> / Restaurante</span>",6.128777899999999,-75.3815406
165,Supermercado Pepe Tiendas,Rionegro,Antioquia,Colombia,"<span class=""grey""> / Restaurante</span>",6.156338,-75.36935799999999
166,Candilejas Llanogrande,Rionegro,Antioquia,Colombia,"<span class=""grey""> / Restaurante</span>",6.1232323,-75.4211017
167,El Rancho De Juanda Porvenir,Rionegro,Antioquia,Colombia,"<span class=""grey""> / Restaurante</span>",6.148149999999999,-75.386404
168,El Punto Del Tamal,Rionegro,Antioquia,Colombia,"<span class=""grey""> / Restaurante</span>",6.127492600000001,-75.3825332
169,Ricuras Rionegro,Rionegro,Antioquia,Colombia,"<span class=""grey""> / Comida rápida, Restaurante</span>",6.1572038,-75.371272
170,Angus Azul,Rionegro,Antioquia,Colombia,"<span class=""grey""> / Restaurante</span>",6.1308507,-75.38034979999999
171,La Lechona De Juanpis,Rionegro,Antioquia,Colombia,"<span class=""grey""> / Restaurante</span>",6.1539676,-75.3706878
172,Rancho Paisa,Rionegro,Antioquia,Colombia,"<span class=""grey""> / Restaurante</span>",6.1533007,-75.3744964
173,BONA FESTA Eventos,Rionegro,Antioquia,Colombia,"<span class=""grey""> / Restaurante</span>",6.1499081,-75.3742955
174,Estadero y tienda LA ESPERANZA,Rionegro,Antioquia,Colombia,"<span class=""grey""> / Restaurante</span>",6.125626,-75.41869609999999
175,Licorería Licoriente La 70,Rionegro,Antioquia,Colombia,"<span class=""grey""> / Restaurante</span>",6.149918,-75.39017
176,Vamos Donde Oliva,Rionegro,Antioquia,Colombia,"<span class=""grey""> / Comida rápida, Restaurante, Cafetería</span>",6.158806999999999,-75.37056199999999
177,Ferretería Entel Ingenieros,Rionegro,Antioquia,Colombia,"<span class=""grey""> / Restaurante</span>",6.151157,-75.385567
178,Mercado La Manuelita,Rionegro,Antioquia,Colombia,"<span class=""grey""> / Restaurante</span>",6.16127,-75.37407
179,Angus Azul,Rionegro,Antioquia,Colombia,"<span class=""grey""> / Restaurante</span>",6.1308507,-75.38034979999999
180,RESTAURANTE RAPIPOLLO,Rionegro,Antioquia,Colombia,"<span class=""grey""> / Pub y bar, Restaurante</span>",6.1178157,-75.3893003
181,Finca Villaura,Rionegro,Antioquia,Colombia,"<span class=""grey""> / Restaurante</span>",6.1774868,-75.3775947
182,RESTAURANTE BAR NOA NOA,Rionegro,Antioquia,Colombia,"<span class=""grey""> / Pub y bar, Restaurante</span>",6.128742,-75.3797688
183,Pizzería la Malagueña,Rionegro,Antioquia,Colombia,"<span class=""grey""> / Pizzería, Restaurante, Italiana</span>",6.1529658,-75.409615
184,LUCIANA,Rionegro,Antioquia,Colombia,"<span class=""grey""> / Restaurante</span>",6.1479297,-75.3829552
185,Comidas El Caleñito,Rionegro,Antioquia,Colombia,"<span class=""grey""> / Comida rápida, Restaurante</span>",6.155995,-75.374229
186,Comidas Rápidas Deli Provocación,Rionegro,Antioquia,Colombia,"<span class=""grey""> / Comida rápida, Restaurante</span>",6.147954899999999,-75.38612599999999
187,Kokoriko,Rionegro,Antioquia,Colombia,"<span class=""grey""> / Comida rápida, Restaurante</span>",6.1535724,-75.37373649999999
188,Quesudos Qbrutales Rionegro,Rionegro,Antioquia,Colombia,"<span class=""grey""> / Restaurante</span>",6.1489351,-75.3883741
189,Supermercado Don Santa,Rionegro,Antioquia,Colombia,"<span class=""grey""> / Restaurante</span>",6.15295,-75.36360499999999
190,Ole Restaurante Español,Rionegro,Antioquia,Colombia,"<span class=""grey""> / Restaurante, Pub y bar</span>",6.1275903,-75.4236128
191,GOLDEN BURGUER - COMIDAS RAPIDAS / MALL - LAS DELICIAS -/ SECTOR HELICOPTERO.,Rionegro,Antioquia,Colombia,"<span class=""grey""> / Restaurante, Comida rápida</span>",6.1524481,-75.4112713
192,Krazzy Empanada,Rionegro,Antioquia,Colombia,"<span class=""grey""> / Comida rápida, Restaurante</span>",6.1486374,-75.3875182
193,Restaurante El Encanto,Rionegro,Antioquia,Colombia,"<span class=""grey""> / Restaurante</span>",6.153226,-75.372862
194,Comidas Rápidas LOS PITUFOS,Rionegro,Antioquia,Colombia,"<span class=""grey""> / Restaurante</span>",6.152890999999999,-75.3636461
195,Gualanday,Rionegro,Antioquia,Colombia,"<span class=""grey""> / Restaurante</span>",6.1350044,-75.383912
196,Rancho Llanogrande,Rionegro,Antioquia,Colombia,"<span class=""grey""> / Restaurante, Barbacoa</span>",6.133463,-75.42837349999999
197,Pollos Asados Mario,Rionegro,Antioquia,Colombia,"<span class=""grey""> / Restaurante, Comida rápida</span>",6.153127899999999,-75.3733735
198,Restaurant Arroz Paisa,Rionegro,Antioquia,Colombia,"<span class=""grey""> / Restaurante</span>",6.1559748,-75.372704
199,Pollos Mario,Rionegro,Antioquia,Colombia,"<span class=""grey""> / Restaurante</span>",6.1468751,-75.3796394
200,La Champagneria,Rionegro,Antioquia,Colombia,"<span class=""grey""> / Restaurante, Pub y bar</span>",6.125235699999999,-75.4232652
201,Asados El Blason,Rionegro,Antioquia,Colombia,"<span class=""grey""> / Restaurante, Barbacoa</span>",6.148076199999999,-75.3860912
202,Pizzas Del Bosque,Rionegro,Antioquia,Colombia,"<span class=""grey""> / Pizzería, Restaurante</span>",6.136609399999999,-75.3916618
203,FIREHOUSE,Rionegro,Antioquia,Colombia,"<span class=""grey""> / Restaurante</span>",6.1250257,-75.4218841
204,Mar Y Fruta Mariscos,Rionegro,Antioquia,Colombia,"<span class=""grey""> / Marisco, Restaurante</span>",6.138580999999999,-75.38501
205,Asados Bar Discoteca El Potrero,Rionegro,Antioquia,Colombia,"<span class=""grey""> / Club, Pub y bar, Comida rápida, Restaurante</span>",6.129564999999999,-75.38076099999999
206,Fonda La Gotera,Rionegro,Antioquia,Colombia,"<span class=""grey""> / Restaurante, Barbacoa</span>",6.129608699999999,-75.3804712
207,Restaurante Picnic Pancho Villa Sancochos Y Asados 4G,Rionegro,Antioquia,Colombia,"<span class=""grey""> / Restaurante</span>",6.1619996,-75.4154657
208,Restaurante Ahi Picante,Rionegro,Antioquia,Colombia,"<span class=""grey""> / Restaurante</span>",6.141159999999999,-75.37719299999999
209,La Bagatelle Llanogrande,Rionegro,Antioquia,Colombia,"<span class=""grey""> / Restaurante</span>",6.1273585,-75.41519579999999
210,Distribuidora de Lácteos Betania,Rionegro,Antioquia,Colombia,"<span class=""grey""> / Restaurante</span>",6.157821999999999,-75.37402999999999
211,Q2 más que queso Rionegro (El Porvenir),Rionegro,Antioquia,Colombia,"<span class=""grey""> / Restaurante</span>",6.1491669,-75.3680317
212,Burger King Aeropuerto JMC,Rionegro,Antioquia,Colombia,"<span class=""grey""> / Comida rápida, Restaurante</span>",6.1703,-75.4279822
213,Restaurante Riky Pollo,Rionegro,Antioquia,Colombia,"<span class=""grey""> / Comida rápida, Restaurante</span>",6.157238,-75.370543
214,Comidas Rápidas Charkumax,Rionegro,Antioquia,Colombia,"<span class=""grey""> / Comida rápida, Restaurante</span>",6.146878999999999,-75.386292
215,CUATRO GRADOS,Rionegro,Antioquia,Colombia,"<span class=""grey""> / Comida rápida, Restaurante, Pub y bar</span>",6.1385785,-75.384894
216,Pollo Express,Rionegro,Antioquia,Colombia,"<span class=""grey""> / Restaurante</span>",6.1455192,-75.3793334
217,The Grill Station Burger,Rionegro,Antioquia,Colombia,"<span class=""grey""> / Barbacoa, Restaurante</span>",6.1244412,-75.4209003
218,Q2 más que queso Rionegro (Santa Ana),Rionegro,Antioquia,Colombia,"<span class=""grey""> / Comida rápida, Restaurante</span>",6.1491669,-75.3680317
219,Pizzas Piccolo,Rionegro,Antioquia,Colombia,"<span class=""grey""> / Restaurante, Pizzería</span>",6.1153394,-75.41699179999999
220,Tienda El Parche,Rionegro,Antioquia,Colombia,"<span class=""grey""> / Restaurante</span>",6.1350161,-75.3348513
221,Restaurante Ay Mara,Rionegro,Antioquia,Colombia,"<span class=""grey""> / Comida rápida, Restaurante</span>",6.156364,-75.370886
222,Restaurante chaoyang chino,Rionegro,Antioquia,Colombia,"<span class=""grey""> / Restaurante</span>",6.1575183,-75.37045739999999
223,Salsamentaria Belchite,Rionegro,Antioquia,Colombia,"<span class=""grey""> / Restaurante</span>",6.150677,-75.374661
224,Comidas Rápidas Alguitos,Rionegro,Antioquia,Colombia,"<span class=""grey""> / Comida rápida, Restaurante</span>",6.154774,-75.372276
225,Hamburguesas Y Comidas Carro Loco,Rionegro,Antioquia,Colombia,"<span class=""grey""> / Comida rápida, Restaurante</span>",6.157140999999999,-75.375005
226,Restaurante Casa China,Rionegro,Antioquia,Colombia,"<span class=""grey""> / China, Restaurante</span>",6.156984,-75.37288649999999
227,J&C Delicias,Rionegro,Antioquia,Colombia,"<span class=""grey""> / Restaurante</span>",6.144837,-75.375085
228,EL CHATO ORIGINAL,Rionegro,Antioquia,Colombia,"<span class=""grey""> / Restaurante, Comida rápida</span>",6.1598653,-75.3702002
229,Granero Candilejas,Rionegro,Antioquia,Colombia,"<span class=""grey""> / Restaurante</span>",6.154794,-75.365391
230,San Alitas Ribs & Wings,Rionegro,Antioquia,Colombia,"<span class=""grey""> / Comida rápida, Restaurante</span>",6.12956,-75.3799938
231,Viena,Rionegro,Antioquia,Colombia,"<span class=""grey""> / Café, Coffee houses, Barbacoa, Restaurante</span>",,
232,Casa China,Rionegro,Antioquia,Colombia,"<span class=""grey""> / Restaurante, China</span>",6.147376599999999,-75.3873938
233,Pisco y Marisco,Rionegro,Antioquia,Colombia,"<span class=""grey""> / Marisco, Restaurante</span>",6.1247006,-75.42299059999999
234,Gaira Cafe,Rionegro,Antioquia,Colombia,"<span class=""grey""> / Café, Restaurante</span>",6.1704263,-75.428111
235,BELLA PASTA El Italiano,Rionegro,Antioquia,Colombia,"<span class=""grey""> / Restaurante, Italiana</span>",6.125134,-75.4230838
236,kokoriko,Rionegro,Antioquia,Colombia,"<span class=""grey""> / Restaurante</span>",6.1535724,-75.37373649999999
237,Viena Buffet Restaurant,Rionegro,Antioquia,Colombia,"<span class=""grey""> / Cafetería, Restaurante</span>",6.1714277,-75.4275491
238,Comidas Rápidas Ricuras de La Pola,Rionegro,Antioquia,Colombia,"<span class=""grey""> / Comida rápida, Restaurante</span>",6.155253,-75.370772
239,Dogger,Rionegro,Antioquia,Colombia,"<span class=""grey""> / Restaurante</span>",6.1475,-75.3786111
240,Mingo's Catering 3108484850,Rionegro,Antioquia,Colombia,"<span class=""grey""> / Restaurante</span>",6.1259773,-75.42309709999999
241,So Happy,Rionegro,Antioquia,Colombia,"<span class=""grey""> / Restaurante</span>",6.1471325,-75.3779047
242,Go and enjoy sushi - Reserva Plaza,Rionegro,Antioquia,Colombia,"<span class=""grey""> / Sushi, Restaurante</span>",6.151134,-75.39285579999999
243,Guys Burger Joint,Rionegro,Antioquia,Colombia,"<span class=""grey""> / Restaurante</span>",6.172203300000001,-75.4276127
244,Pizza De Oriente,Rionegro,Antioquia,Colombia,"<span class=""grey""> / Pizzería, Restaurante</span>",6.1259314,-75.41905179999999
245,Las delicias de cachetes,Rionegro,Antioquia,Colombia,"<span class=""grey""> / Restaurante, Comida rápida</span>",6.1316605,-75.4010468
246,Makalu Pizza y Cafe,Rionegro,Antioquia,Colombia,"<span class=""grey""> / Pizzería, Restaurante, Café</span>",6.1431393,-75.3726673
247,Palau,Rionegro,Antioquia,Colombia,"<span class=""grey""> / Pub y bar, Barbacoa</span>",6.1490942,-75.3681616
248,Lola Vinola - life&food,Rionegro,Antioquia,Colombia,"<span class=""grey""> / Restaurante, Pub y bar</span>",6.149018799999999,-75.3789523
249,Taco Rico,Rionegro,Antioquia,Colombia,"<span class=""grey""> / Mexicana, Restaurante, Comida rápida</span>",6.127755899999999,-75.4164071
250,Duques pizzeria,Rionegro,Antioquia,Colombia,"<span class=""grey""> / Pizzería, Restaurante</span>",6.130351099999999,-75.381354
251,Paradisíaca Patacones Gourmet,Rionegro,Antioquia,Colombia,"<span class=""grey""> / Restaurante</span>",6.147503899999999,-75.3874694
252,PERU MIX San Nicolás,Rionegro,Antioquia,Colombia,"<span class=""grey""> / Barbacoa</span>",6.147104,-75.3783109
253,Rapidos y jugosos,Rionegro,Antioquia,Colombia,"<span class=""grey""> / Restaurante, Comida rápida</span>",6.1480982,-75.38641989999999
254,Bariguaná,Rionegro,Antioquia,Colombia,"<span class=""grey""> / Restaurante, Barbacoa, Pub y bar</span>",6.1491318,-75.3679451
255,FUSIÓN Café Restaurante,Rionegro,Antioquia,Colombia,"<span class=""grey""> / Restaurante, Café</span>",6.148309800000001,-75.3868473
256,Circuit Bar,Rionegro,Antioquia,Colombia,"<span class=""grey""> / Pub y bar, Restaurante</span>",6.129032599999999,-75.38100639999999
257,Restaurante Donde Julio Carnes Mar y Vinos,Rionegro,Antioquia,Colombia,"<span class=""grey""> / Restaurante, Barbacoa, Pub y bar</span>",6.149018799999999,-75.3789523
258,Chorizos Santarrosanos CHORY,Rionegro,Antioquia,Colombia,"<span class=""grey""> / Restaurante, Comida rápida, Barbacoa</span>",6.1277363,-75.3821463
259,Viva Mexico,Rionegro,Antioquia,Colombia,"<span class=""grey""> / Mexicana, Restaurante</span>",6.1726186,-75.3408729
260,La Martina Alitas Y Costillas,Rionegro,Antioquia,Colombia,"<span class=""grey""> / Restaurante, Comida rápida</span>",6.1289013,-75.3810975
261,Restaurante Amor a la Carta,Rionegro,Antioquia,Colombia,"<span class=""grey""> / Restaurante</span>",6.1560749,-75.3727751
262,Comidas Chaplin Sa,Rionegro,Antioquia,Colombia,"<span class=""grey""> / Restaurante, Comida rápida</span>",6.160534999999999,-75.369035
263,Restaurante Orzo,Rionegro,Antioquia,Colombia,"<span class=""grey""> / Marisco, Restaurante</span>",6.1244352,-75.423408
264,"RioPizza ""home delivery""",Rionegro,Antioquia,Colombia,"<span class=""grey""> / Pizzería, Restaurante, Comida rápida</span>",6.1298137,-75.3814526
265,Restaurante la comelona,Rionegro,Antioquia,Colombia,"<span class=""grey""> / Restaurante</span>",6.153217499999999,-75.3740357
266,El Tablon,Rionegro,Antioquia,Colombia,"<span class=""grey""> / Restaurante</span>",6.1309265,-75.3795737
267,J&N Burger,Rionegro,Antioquia,Colombia,"<span class=""grey""> / Restaurante</span>",6.1491615,-75.3681083
268,La badea,Rionegro,Antioquia,Colombia,"<span class=""grey""> / Restaurante</span>",6.1599195,-75.3723837
269,Gurban,Rionegro,Antioquia,Colombia,"<span class=""grey""> / Restaurante</span>",6.1281156,-75.3817037
270,Piketeando,Rionegro,Antioquia,Colombia,"<span class=""grey""> / Restaurante, Comida rápida</span>",6.150400200000001,-75.4204661
271,Don Gatto pizzería arte bar,Rionegro,Antioquia,Colombia,"<span class=""grey""> / Pizzería, Pub y bar, Restaurante</span>",6.1514,-75.3734066
272,Bon Appetit Gourmet,Rionegro,Antioquia,Colombia,"<span class=""grey""> / Restaurante</span>",6.1425021,-75.3789898
273,Chorizos llaneros del Oriente,Rionegro,Antioquia,Colombia,"<span class=""grey""> / Restaurante, Comida rápida</span>",,
274,Mi Llano del Alma,Rionegro,Antioquia,Colombia,"<span class=""grey""> / Restaurante, Pub y bar</span>",6.131852200000001,-75.4002975
275,Tierra Viva - Natural y Orgánico. Restaurante.,Rionegro,Antioquia,Colombia,"<span class=""grey""> / Restaurante</span>",6.1219319,-75.38766319999999
276,La fondita aquella,Rionegro,Antioquia,Colombia,"<span class=""grey""> / Restaurante, Barbacoa, Pub y bar</span>",6.1278287,-75.4157505
277,Bistro Paisa,Rionegro,Antioquia,Colombia,"<span class=""grey""> / Comida rápida</span>",6.1539794,-75.3726221
278,El Merendero,Rionegro,Antioquia,Colombia,"<span class=""grey""> / Restaurante</span>",6.131196800000001,-75.3815616
279,Luis Pasta y Pizza Restaurante,Rionegro,Antioquia,Colombia,"<span class=""grey""> / Pizzería, Restaurante</span>",6.1255847,-75.41953529999999
280,Cocina De Dalila Parrilla Bar,Rionegro,Antioquia,Colombia,"<span class=""grey""> / Pub y bar, Restaurante, Parrilla</span>",6.1511911,-75.4155549
281,El Cartel De Las Empanadas,Rionegro,Antioquia,Colombia,"<span class=""grey""> / Restaurante</span>",6.1492502,-75.3860341
282,Bella Pasta - Llanogrande,Rionegro,Antioquia,Colombia,"<span class=""grey""> / Restaurante, Italiana</span>",6.125134,-75.4230838
283,Pepitos,Rionegro,Antioquia,Colombia,"<span class=""grey""> / Restaurante</span>",6.1533007,-75.3639448
284,Anitahumados,Rionegro,Antioquia,Colombia,"<span class=""grey""> / Restaurante</span>",6.1330287,-75.4068472
285,Del Anca Rodizio Parrilla Bar,Rionegro,Antioquia,Colombia,"<span class=""grey""> / Restaurante, Parrilla, Pub y bar</span>",6.165026999999999,-75.37382339999999
286,Restaurante La Fortaleza,Rionegro,Antioquia,Colombia,"<span class=""grey""> / Restaurante, Café</span>",6.158538099999999,-75.3706935
287,Mirador Nuquí,Rionegro,Antioquia,Colombia,"<span class=""grey""> / Marisco, Restaurante, Pub y bar</span>",6.1652836,-75.4115332
288,Restaurante y Parrilla Dora,Rionegro,Antioquia,Colombia,"<span class=""grey""> / Restaurante, Parrilla</span>",6.1299157,-75.3811054
289,Charcutería Jn,Rionegro,Antioquia,Colombia,"<span class=""grey""> / Restaurante</span>",6.152373,-75.37470499999999
290,Qsollados,Rionegro,Antioquia,Colombia,"<span class=""grey""> / Restaurante</span>",6.1480008,-75.38612189999999
291,Malibú,Rionegro,Antioquia,Colombia,"<span class=""grey""> / Restaurante</span>",6.1501352,-75.3954286
292,Latín sushi,Rionegro,Antioquia,Colombia,"<span class=""grey""> / Sushi, Restaurante, China</span>",6.1278701,-75.3814105
293,Kokoriko Aeropuerto Rionegro,Rionegro,Antioquia,Colombia,"<span class=""grey""> / Restaurante</span>",6.17097,-75.4280344
294,Pizza Express el porvenir,Rionegro,Antioquia,Colombia,"<span class=""grey""> / Pizzería</span>",6.1487066,-75.3904088
295,Pappas express,Rionegro,Antioquia,Colombia,"<span class=""grey""> / Restaurante, Comida rápida</span>",6.1488895,-75.3880795
296,Zona 46 Fast Food,Rionegro,Antioquia,Colombia,"<span class=""grey""> / Restaurante, Comida rápida</span>",6.149422299999999,-75.3673938
297,Mister Arepa,Rionegro,Antioquia,Colombia,"<span class=""grey""> / Restaurante, Comida rápida</span>",6.1539532,-75.37274529999999
298,Loro's PIZZA,Rionegro,Antioquia,Colombia,"<span class=""grey""> / Pizzería, Restaurante, Comida rápida</span>",6.1298137,-75.3814526
299,Naturals,Rionegro,Antioquia,Colombia,"<span class=""grey""> / Restaurante, Barbacoa, Comida rápida, Pub y bar</span>",6.1539047,-75.3731552
300,chippers_gourmet,Rionegro,Antioquia,Colombia,"<span class=""grey""> / Restaurante, Comida rápida</span>",6.1387863,-75.3792264
301,Café Guadalupe,Rionegro,Antioquia,Colombia,"<span class=""grey""> / Restaurante, Coffee houses, Vegetarianos, Café, Pub y bar</span>",6.1547241,-75.3731382
302,Salvajadas de mi tierra,Rionegro,Antioquia,Colombia,"<span class=""grey""> / Restaurante</span>",6.1468444,-75.3864214
303,Licorería La María,Rionegro,Antioquia,Colombia,"<span class=""grey""> / Restaurante</span>",6.147538,-75.387858
304,Comidas Rápidas Sabor Caleño,Rionegro,Antioquia,Colombia,"<span class=""grey""> / Restaurante, Comida rápida</span>",6.149309,-75.38611999999999
305,Asadero Rapi Pollo,Rionegro,Antioquia,Colombia,"<span class=""grey""> / Restaurante, Comida rápida</span>",6.152024,-75.3744
306,Empanadas Rosita,Rionegro,Antioquia,Colombia,"<span class=""grey""> / Restaurante, Comida rápida</span>",6.155077899999999,-75.373977
307,Restaurante La Fortuna,Rionegro,Antioquia,Colombia,"<span class=""grey""> / Restaurante, Comida rápida</span>",6.153200000000001,-75.372615
308,Piqueteadero Oriental,Rionegro,Antioquia,Colombia,"<span class=""grey""> / Restaurante, Comida rápida</span>",6.153801,-75.375434
309,Calanchos Dog Rionegro,Rionegro,Antioquia,Colombia,"<span class=""grey""> / Restaurante, Comida rápida</span>",6.1556115,-75.3742397
310,"Coma en Joes , Comida Típica Venezolana",Rionegro,Antioquia,Colombia,"<span class=""grey""> / Restaurante, Comida rápida</span>",6.1433677,-75.37305990000002
311,Paninos Sandwich & Cazuela,Rionegro,Antioquia,Colombia,"<span class=""grey""> / Restaurante</span>",6.124664399999999,-75.4231096
312,Asados El Chato,Rionegro,Antioquia,Colombia,"<span class=""grey""> / Restaurante, Comida rápida</span>",6.1557474,-75.3654371
313,Comidas Rapidas El Llanito,Rionegro,Antioquia,Colombia,"<span class=""grey""> / Restaurante</span>",6.1500132,-75.39548289999999
314,Andito’s BBQ,Rionegro,Antioquia,Colombia,"<span class=""grey""> / Marisco, Barbacoa, Restaurante</span>",6.1383369,-75.38508209999999
315,El Potero Estadero Bar,Rionegro,Antioquia,Colombia,"<span class=""grey""> / Pub y bar, Barbacoa</span>",6.1295742,-75.38072609999999
316,Arepas Alzarate,Rionegro,Antioquia,Colombia,"<span class=""grey""> / Restaurante, Comida rápida</span>",6.153071199999999,-75.3742985
317,Licores Oriente,Rionegro,Antioquia,Colombia,"<span class=""grey""> / Restaurante, Pub y bar, Barbacoa</span>",6.129372399999999,-75.3798537
318,Santorini - Pizzeria Bar Llanogrande,Rionegro,Antioquia,Colombia,"<span class=""grey""> / Italiana</span>",6.153813299999999,-75.4359649
319,Mas pizza Express,Rionegro,Antioquia,Colombia,"<span class=""grey""> / Pizzería, Restaurante, Italiana</span>",6.1298137,-75.3814526
320,The Fries,Rionegro,Antioquia,Colombia,"<span class=""grey""> / Mexicana, Restaurante, Comida rápida</span>",6.1274995,-75.3822598
321,Asados Y Parrilla La Cabana,Rionegro,Antioquia,Colombia,"<span class=""grey""> / Restaurante, Parrilla</span>",6.128424100000001,-75.38135659999999
322,heladeria la mansarda,Rionegro,Antioquia,Colombia,"<span class=""grey""> / Café</span>",6.154349799999999,-75.3724874
323,Mendell,Rionegro,Antioquia,Colombia,"<span class=""grey""> / Vegetarianos, Restaurante</span>",6.149018799999999,-75.3789523
324,Don Gatto,Rionegro,Antioquia,Colombia,"<span class=""grey""> / Pizzería, Restaurante, Comida rápida</span>",6.1514,-75.3734066
325,Presto,Rionegro,Antioquia,Colombia,"<span class=""grey""> / Restaurante</span>",6.170560999999999,-75.4271936
326,Bar Centro Rionegro,Rionegro,Antioquia,Colombia,"<span class=""grey""> / Pub y bar, Restaurante</span>",6.152682,-75.3737699
327,Licorería Edival,Rionegro,Antioquia,Colombia,"<span class=""grey""> / Restaurante</span>",6.150570999999999,-75.393481
328,Granero La Campanita,Rionegro,Antioquia,Colombia,"<span class=""grey""> / Restaurante</span>",6.1518228,-75.37722550000001
329,Restaurante San Remo,Rionegro,Antioquia,Colombia,"<span class=""grey""> / Restaurante</span>",6.147693,-75.38678
330,Supermercado Distrijara,Rionegro,Antioquia,Colombia,"<span class=""grey""> / Restaurante</span>",6.1473621,-75.3869394
331,Lubiexpress,Rionegro,Antioquia,Colombia,"<span class=""grey""> / Pizzería, Restaurante</span>",6.160025399999999,-75.3727092
332,Papagayo Restaurante,Rionegro,Antioquia,Colombia,"<span class=""grey""> / Restaurante</span>",6.130518599999999,-75.41207779999999
333,Brosty combos,Rionegro,Antioquia,Colombia,"<span class=""grey""> / Restaurante</span>",6.1580154,-75.3726444
334,"PESCAMOR Pescados, mariscos y carnes",Rionegro,Antioquia,Colombia,"<span class=""grey""> / Restaurante</span>",6.1274383,-75.4162875
335,Arepas De Queso LOS PITUFOS,Rionegro,Antioquia,Colombia,"<span class=""grey""> / Restaurante</span>",6.152765,-75.3634402
336,Al Mar y algo mas,Rionegro,Antioquia,Colombia,"<span class=""grey""> / Restaurante</span>",6.155370599999999,-75.3727797
337,Tu antojo del sabor venezolano,Rionegro,Antioquia,Colombia,"<span class=""grey""> / Restaurante</span>",6.149975299999999,-75.3928506
338,Tribal Park Llanogrande,Rionegro,Antioquia,Colombia,"<span class=""grey""> / Restaurante</span>",6.1270848,-75.422305
339,RAMÉ Resto & Coffee,Rionegro,Antioquia,Colombia,"<span class=""grey""> / Coffee houses, Restaurante, Café</span>",6.1318161,-75.3791553
340,La Paella de Pedro Palmer,Rionegro,Antioquia,Colombia,"<span class=""grey""> / Restaurante</span>",6.125303,-75.42340870000001
341,Carpanta Food,Rionegro,Antioquia,Colombia,"<span class=""grey""> / Restaurante</span>",6.149018799999999,-75.3789523
342,Comida Rápidas ricuras rionegro,Rionegro,Antioquia,Colombia,"<span class=""grey""> / Restaurante</span>",6.130406300000001,-75.38132619999999
343,Discoteca Asados Fonda La Gotera,Rionegro,Antioquia,Colombia,"<span class=""grey""> / Club, Restaurante, Comida rápida</span>",6.129735,-75.3805129
344,Don de Queso,Rionegro,Antioquia,Colombia,"<span class=""grey""> / Coffee houses, Restaurante, Café</span>",6.146440999999999,-75.38002929999999
345,Comidas Rápidas La Fogata,Rionegro,Antioquia,Colombia,"<span class=""grey""> / Restaurante, Comida rápida</span>",6.1522985,-75.37332359999999
346,Empanadas Doña Juana,Rionegro,Antioquia,Colombia,"<span class=""grey""> / Restaurante, Comida rápida</span>",6.154218999999999,-75.37268499999999
347,La Paisita Empanadas Y Arepas,Rionegro,Antioquia,Colombia,"<span class=""grey""> / Restaurante, Comida rápida</span>",6.153071199999999,-75.3742985
348,A la Parrilla,Rionegro,Antioquia,Colombia,"<span class=""grey""> / Barbacoa, Restaurante, Parrilla</span>",6.165026999999999,-75.37382339999999
349,Restaurante El Buen Gusto,Rionegro,Antioquia,Colombia,"<span class=""grey""> / Restaurante</span>",6.1542144,-75.3705052
350,Restaurante Rancho LLanogrande,Rionegro,Antioquia,Colombia,"<span class=""grey""> / Restaurante</span>",6.133463,-75.42837349999999
351,"La Mega, Comidas & Bebidas.",Rionegro,Antioquia,Colombia,"<span class=""grey""> / Restaurante</span>",6.140014,-75.37260820000002
352,Donde Chulo,Rionegro,Antioquia,Colombia,"<span class=""grey""> / Restaurante</span>",6.1574765,-75.3735109
353,Taco mex,Rionegro,Antioquia,Colombia,"<span class=""grey""> / Restaurante</span>",6.1315898,-75.40087989999999
354,Restaurante el Rancho del Gordo,Rionegro,Antioquia,Colombia,"<span class=""grey""> / Restaurante</span>",6.1532166,-75.3742401
355,"Asados ""A 3 Cu4rtos""",Rionegro,Antioquia,Colombia,"<span class=""grey""> / Restaurante</span>",6.1482885,-75.3867329
356,Bar La Bomba,Rionegro,Antioquia,Colombia,"<span class=""grey""> / Pub y bar</span>",6.151343,-75.38499
357,Restaurante El Campesino,Rionegro,Antioquia,Colombia,"<span class=""grey""> / Restaurante</span>",6.1579119,-75.371203
358,Bar Búfalo,Rionegro,Antioquia,Colombia,"<span class=""grey""> / Pub y bar, Restaurante</span>",6.129188,-75.380044
359,Restaurante La Dama Juana,Rionegro,Antioquia,Colombia,"<span class=""grey""> / Restaurante</span>",6.1412,-75.377268
360,La Cocina de Dulcinea,Rionegro,Antioquia,Colombia,"<span class=""grey""> / Restaurante, Pub y bar, Barbacoa</span>",6.149018799999999,-75.3789523
361,Restaurante Sazón Al Toque,Rionegro,Antioquia,Colombia,"<span class=""grey""> / Restaurante</span>",6.129834,-75.38139699999999
362,Restaurante Dary,Rionegro,Antioquia,Colombia,"<span class=""grey""> / Restaurante</span>",6.1524221,-75.3724256
363,Cafetería Restaurante los Tráiler,Rionegro,Antioquia,Colombia,"<span class=""grey""> / Restaurante</span>",6.141264199999999,-75.3770093
364,Derek panadería artesanal,Rionegro,Antioquia,Colombia,"<span class=""grey""> / Restaurante</span>",6.0932211,-75.3328299
365,Dondechepaparillabar,Rionegro,Antioquia,Colombia,"<span class=""grey""> / Restaurante</span>",6.1387863,-75.3792264
366,Santa Leña - Jardines de Llanogrande,Rionegro,Antioquia,Colombia,"<span class=""grey""> / Restaurante</span>",6.1242945,-75.42109959999999
367,Alitas Rellenas de San Antonio,Rionegro,Antioquia,Colombia,"<span class=""grey""> / Barbacoa, Restaurante</span>",6.129527299999999,-75.37999510000002
368,Pizzas J&G Llanogrande,Rionegro,Antioquia,Colombia,"<span class=""grey""> / Pizzería, Restaurante</span>",6.1230025,-75.420874
369,Di llanos Pizzería Rionegro,Rionegro,Antioquia,Colombia,"<span class=""grey""> / Pizzería, Restaurante</span>",6.1304374,-75.38128999999999
370,Donde Rubi Rionegro,Rionegro,Antioquia,Colombia,"<span class=""grey""> / Restaurante</span>",6.1587708,-75.3679631
371,restaurante-parrilla Delight steak house,Rionegro,Antioquia,Colombia,"<span class=""grey""> / Restaurante, Parrilla</span>",6.1208342,-75.3776512
372,"Panaderia Y Comidas Rapidas LA ""47""",Rionegro,Antioquia,Colombia,"<span class=""grey""> / Restaurante</span>",6.152016,-75.3754518
373,BRASAS DE COLOMBIA,Rionegro,Antioquia,Colombia,"<span class=""grey""> / Restaurante</span>",6.1476101,-75.38689699999999
374,Restaurante La Macarena,Rionegro,Antioquia,Colombia,"<span class=""grey""> / Restaurante</span>",6.1493287,-75.3574841
375,El blasón granja,Rionegro,Antioquia,Colombia,"<span class=""grey""> / Restaurante</span>",6.107740499999999,-75.4224567
376,Fonda Los Tejados,Rionegro,Antioquia,Colombia,"<span class=""grey""> / Restaurante</span>",6.130255,-75.380539
377,Restaurante El Bohío,Rionegro,Antioquia,Colombia,"<span class=""grey""> / Restaurante, Comida rápida</span>",6.154993,-75.372204
378,Comidas Rápidas Punto Como,Rionegro,Antioquia,Colombia,"<span class=""grey""> / Restaurante, Comida rápida</span>",6.129847,-75.380837
379,Heladería y frutería [Tommy Frozen Yogurt] Domicilios en Rionegro,Rionegro,Antioquia,Colombia,"<span class=""grey""> / Cafetería, Postres</span>",6.1526087,-75.3835142
380,"Hamburguesería y Restaurante ""El Paisa""",Rionegro,Antioquia,Colombia,"<span class=""grey""> / Restaurante</span>",6.1480008,-75.38612189999999
381,Emisora Paz de Selva Verde,Rionegro,Antioquia,Colombia,"<span class=""grey""> / Restaurante</span>",6.1519506,-75.3584661
382,TUCO GOL,Rionegro,Antioquia,Colombia,"<span class=""grey""> / Restaurante</span>",6.15361,-75.36156
383,Picante y Guacamole,Rionegro,Antioquia,Colombia,"<span class=""grey""> / Restaurante</span>",6.1473793,-75.3874537
384,Q'Delicia,Rionegro,Antioquia,Colombia,"<span class=""grey""> / Restaurante</span>",6.1487373,-75.3878984
385,Asados San Lorenzo,Rionegro,Antioquia,Colombia,"<span class=""grey""> / Restaurante</span>",6.160635099999999,-75.37288199999999
386,San Paolo,Rionegro,Antioquia,Colombia,"<span class=""grey""> / Restaurante</span>",6.131592200000001,-75.4007611
387,Lala Sabores Alternativos,Rionegro,Antioquia,Colombia,"<span class=""grey""> / Restaurante</span>",6.1500759,-75.3855623
388,Bar Bartolomé,Rionegro,Antioquia,Colombia,"<span class=""grey""> / Pub y bar, Restaurante</span>",6.149348,-75.3860459
389,Bar Las Delicias,Rionegro,Antioquia,Colombia,"<span class=""grey""> / Restaurante, Pub y bar</span>",6.129025,-75.38101999999999
390,Licorera El Barril,Rionegro,Antioquia,Colombia,"<span class=""grey""> / Restaurante, Pub y bar</span>",6.129626,-75.380162
391,Restaurante Paladares,Rionegro,Antioquia,Colombia,"<span class=""grey""> / Restaurante</span>",6.154415999999999,-75.372945
392,Mercado Continental,Rionegro,Antioquia,Colombia,"<span class=""grey""> / Restaurante</span>",6.153825899999999,-75.37490199999999
393,Supermercado El Gran Arriero,Rionegro,Antioquia,Colombia,"<span class=""grey""> / Restaurante</span>",6.155683,-75.368245
394,DÓNDE PACHO SUCURSAL RIONEGRO,Rionegro,Antioquia,Colombia,"<span class=""grey""> / Restaurante, Comida rápida</span>",6.1492209,-75.3681021
395,La galgueria,Rionegro,Antioquia,Colombia,"<span class=""grey""> / Restaurante, Comida rápida</span>",6.1307227,-75.38032489999999
396,Restaurante #3 el Familiar,Rionegro,Antioquia,Colombia,"<span class=""grey""> / Restaurante</span>",6.1567273,-75.3693842
397,Ginza roll & wok,Rionegro,Antioquia,Colombia,"<span class=""grey""> / Sushi</span>",6.131707899999999,-75.3988172
398,Youssef Tastes,Rionegro,Antioquia,Colombia,"<span class=""grey""> / Restaurante</span>",6.128784599999999,-75.38180729999999
399,Comida de Mar y Parrilla,Rionegro,Antioquia,Colombia,"<span class=""grey""> / Restaurante, Parrilla</span>",6.127360599999999,-75.38316739999999
400,KIN SUSHI BAR,Rionegro,Antioquia,Colombia,"<span class=""grey""> / Sushi, Restaurante, Pub y bar</span>",6.1289053,-75.38008339999999
401,The royal burger,Rionegro,Antioquia,Colombia,"<span class=""grey""> / Restaurante</span>",6.129006,-75.3813627
402,picnic on the train,Rionegro,Antioquia,Colombia,"<span class=""grey""> / Restaurante</span>",6.193838299999999,-75.35808949999999
403,Comidas Rápidas Maxi Pan Y Punto,Rionegro,Antioquia,Colombia,"<span class=""grey""> / Restaurante, Comida rápida</span>",6.1567352,-75.37164609999999
404,Restaurante Riko Priko,Rionegro,Antioquia,Colombia,"<span class=""grey""> / Marisco, Restaurante, Comida rápida</span>",6.146857799999999,-75.3796381
405,Restaurante Rio Negro,Rionegro,Antioquia,Colombia,"<span class=""grey""> / Restaurante</span>",6.153513299999999,-75.3727321
406,Shawarma El Chamo,Rionegro,Antioquia,Colombia,"<span class=""grey""> / Restaurante</span>",6.1303964,-75.3796934
407,Taberna Punto,Rionegro,Antioquia,Colombia,"<span class=""grey""> / Restaurante</span>",6.129026,-75.380068
408,Taberna Bar Pa' Lo Alto,Rionegro,Antioquia,Colombia,"<span class=""grey""> / Pub y bar, Restaurante</span>",6.130291,-75.380528
409,Compras El Mejor Precio,Rionegro,Antioquia,Colombia,"<span class=""grey""> / Restaurante</span>",6.156825,-75.37091199999999
410,.,Rionegro,Antioquia,Colombia,"<span class=""grey""> / Restaurante, China</span>",6.149018799999999,-75.3789523
411,Restaurante - Bar Mis Caprichos,Rionegro,Antioquia,Colombia,"<span class=""grey""> / Pub y bar, Restaurante</span>",6.1257448,-75.4191671
412,Palmavilla Llanogrande,Rionegro,Antioquia,Colombia,"<span class=""grey""> / Restaurante</span>",6.127393199999999,-75.4158236
413,Las Ricuras De La Abuela,Rionegro,Antioquia,Colombia,"<span class=""grey""> / Restaurante</span>",6.1251663,-75.42201969999999
414,La Taqueria,Rionegro,Antioquia,Colombia,"<span class=""grey""> / Restaurante</span>",6.1462021,-75.3793792
415,Pizzería Mansarda,Rionegro,Antioquia,Colombia,"<span class=""grey""> / Pizzería, Restaurante, Comida rápida</span>",6.154453999999999,-75.372541
416,Wings Station,Rionegro,Antioquia,Colombia,"<span class=""grey""> / Restaurante</span>",6.1366215,-75.38930839999999
417,The Celler,Rionegro,Antioquia,Colombia,"<span class=""grey""> / Restaurante, Pub y bar</span>",6.1474918,-75.37857389999999
418,Licorería Liquor Blue,Rionegro,Antioquia,Colombia,"<span class=""grey""> / Restaurante</span>",6.149115,-75.386184
419,Restaurante La Finca,Rionegro,Antioquia,Colombia,"<span class=""grey""> / Restaurante</span>",6.158933999999999,-75.369716
420,LE'MIAN HandRoll's,Rionegro,Antioquia,Colombia,"<span class=""grey""> / Sushi, Restaurante</span>",6.146464,-75.38866809999999
421,Alan's Pizza,Rionegro,Antioquia,Colombia,"<span class=""grey""> / Pizzería, Restaurante</span>",6.1821392,-75.3915773
422,Los Totos,Rionegro,Antioquia,Colombia,"<span class=""grey""> / Restaurante, Comida rápida</span>",6.1288747,-75.381695
423,El mirador de jimmy,Rionegro,Antioquia,Colombia,"<span class=""grey""> / Restaurante, Comida rápida</span>",6.1852206,-75.4088766
424,LA HAMBURGUESERÍA ARTESANAL,Rionegro,Antioquia,Colombia,"<span class=""grey""> / Restaurante</span>",6.1559316,-75.3761883
425,Sushi Market,Rionegro,Antioquia,Colombia,"<span class=""grey""> / Restaurante, Sushi</span>",6.1228565,-75.4253754
426,Di cappella restaurante italiano,Rionegro,Antioquia,Colombia,"<span class=""grey""> / Restaurante, Italiana</span>",6.131257799999999,-75.399262
427,D'burgers,Rionegro,Antioquia,Colombia,"<span class=""grey""> / Restaurante</span>",6.1311378,-75.3802828
428,Il Forno Colombia,Rionegro,Antioquia,Colombia,"<span class=""grey""> / Restaurante, Italiana</span>",6.1475138,-75.37814709999999
429,Mar y Fuego,Rionegro,Antioquia,Colombia,"<span class=""grey""> / Marisco, Restaurante</span>",6.136921999999999,-75.3911333
430,Mezza Pizza,Rionegro,Antioquia,Colombia,"<span class=""grey""> / Pizzería, Restaurante, Comida rápida</span>",6.1469762,-75.3796354
431,Comida Rápida San Antonio Papitas,Rionegro,Antioquia,Colombia,"<span class=""grey""> / Restaurante, Comida rápida</span>",6.129383,-75.38002
432,Comidas Rápidas Trigo Mar,Rionegro,Antioquia,Colombia,"<span class=""grey""> / Restaurante, Comida rápida</span>",6.157705,-75.370586
433,Brosty Asados,Rionegro,Antioquia,Colombia,"<span class=""grey""> / Restaurante, Comida rápida</span>",6.153309,-75.374844
434,Comidas El Bizcocho,Rionegro,Antioquia,Colombia,"<span class=""grey""> / Restaurante, Comida rápida</span>",6.155422,-75.372123
435,Ópera Pizza,Rionegro,Antioquia,Colombia,"<span class=""grey""> / Pizzería, Restaurante, Comida rápida</span>",6.151459,-75.373485
436,Restaurante San Miguel,Rionegro,Antioquia,Colombia,"<span class=""grey""> / Restaurante, Comida rápida</span>",6.154656,-75.373209
437,Como Caído del Cielo,Rionegro,Antioquia,Colombia,"<span class=""grey""> / Restaurante</span>",6.1403288,-75.3787746
438,Elidelicias,Rionegro,Antioquia,Colombia,"<span class=""grey""> / Restaurante</span>",6.1497866,-75.38539709999999
439,Restaurante Ebano,Rionegro,Antioquia,Colombia,"<span class=""grey""> / Restaurante</span>",6.1726144,-75.4354965
440,Cafeteria Yrestaurante Laureles,Rionegro,Antioquia,Colombia,"<span class=""grey""> / Restaurante, Cafetería</span>",6.158992899999999,-75.3723002
441,Restaurante La Casita de Pola,Rionegro,Antioquia,Colombia,"<span class=""grey""> / Restaurante</span>",6.1487382,-75.3903615
442,LOS VERDES DE RIONEGRO,Rionegro,Antioquia,Colombia,"<span class=""grey""> / Restaurante</span>",6.147712299999999,-75.37874029999999
443,360 Rio Sabor Restaurante,Rionegro,Antioquia,Colombia,"<span class=""grey""> / Restaurante</span>",6.1647152,-75.3738815
444,LA TAQUERIA MEXICAN FOOD,Rionegro,Antioquia,Colombia,"<span class=""grey""> / Mexicana, Restaurante</span>",6.131181799999999,-75.3987551
445,Santa Leña,Rionegro,Antioquia,Colombia,"<span class=""grey""> / Restaurante</span>",6.1242945,-75.42109959999999
446,Restaurante la Ruta,Rionegro,Antioquia,Colombia,"<span class=""grey""> / Restaurante, Comida rápida</span>",6.142179500000001,-75.3730831
447,Cuatrimoteando Rionegro,Rionegro,Antioquia,Colombia,"<span class=""grey""> / Restaurante</span>",6.1502506,-75.41966839999999
448,La Pizzerìa,Rionegro,Antioquia,Colombia,"<span class=""grey""> / Pizzería, Restaurante</span>",6.1484054,-75.3864557
449,Restaurante Bar Noa Noa,Rionegro,Antioquia,Colombia,"<span class=""grey""> / Pub y bar, Restaurante</span>",6.128742,-75.3797688
450,Restaurante el buen gusto,Rionegro,Antioquia,Colombia,"<span class=""grey""> / Restaurante</span>",6.1542144,-75.3705052
451,Paninos Llanogrande - Antioquia.,Rionegro,Antioquia,Colombia,"<span class=""grey""> / Marisco, Restaurante</span>",6.124664399999999,-75.4231096
452,Mr. Bruno Hot dogs,Rionegro,Antioquia,Colombia,"<span class=""grey""> / Restaurante, Comida rápida</span>",6.1382876,-75.3849659
453,Las Mil y una noches Llanogrande,Rionegro,Antioquia,Colombia,"<span class=""grey""> / Restaurante, Pub y bar</span>",6.1279469,-75.3820088
454,Delicias Niña Fanny,Rionegro,Antioquia,Colombia,"<span class=""grey""> / Restaurante</span>",6.148119899999999,-75.39617500000001
455,Filipino Food,Rionegro,Antioquia,Colombia,"<span class=""grey""> / Restaurante</span>",6.1680459,-75.33711339999999
456,Pataconiando Rionegro,Rionegro,Antioquia,Colombia,"<span class=""grey""> / Restaurante, Comida rápida</span>",6.1501226,-75.39305940000001
457,La Gaufrette,Rionegro,Antioquia,Colombia,"<span class=""grey""> / Postres, Restaurante</span>",6.1510345,-75.391064
458,Pizza Express,Rionegro,Antioquia,Colombia,"<span class=""grey""> / Pizzería, Restaurante</span>",6.1298137,-75.3814526
459,El Rancho De Juanda Uco.,Rionegro,Antioquia,Colombia,"<span class=""grey""> / Restaurante</span>",6.1557529,-75.375947
460,Comidas Rápidas Viernes,Rionegro,Antioquia,Colombia,"<span class=""grey""> / Restaurante, Comida rápida</span>",6.129063899999999,-75.38005799999999
461,Restaurante Cítrico Crossover Lounch,Rionegro,Antioquia,Colombia,"<span class=""grey""> / Restaurante, Comida rápida</span>",6.148384,-75.386465
462,Milán Bar Y Pizzería,Rionegro,Antioquia,Colombia,"<span class=""grey""> / Pizzería, Pub y bar, Restaurante, Comida rápida</span>",6.154556899999999,-75.37325799999999
463,El Paisa Asados,Rionegro,Antioquia,Colombia,"<span class=""grey""> / Barbacoa</span>",6.15564,-75.373135
464,Asadero Brost Y Pan,Rionegro,Antioquia,Colombia,"<span class=""grey""> / Restaurante, Comida rápida</span>",6.153205,-75.37316
465,Paliqueso Empanada Chilena,Rionegro,Antioquia,Colombia,"<span class=""grey""> / Restaurante, Comida rápida</span>",6.153186,-75.37335
466,Pepitos6,Rionegro,Antioquia,Colombia,"<span class=""grey""> / Restaurante</span>",6.149018799999999,-75.3789523
467,Carbon & Parrilla Restaurante - Bar,Rionegro,Antioquia,Colombia,"<span class=""grey""> / Pub y bar, Barbacoa, Restaurante, Parrilla</span>",6.165026999999999,-75.37382339999999
468,Piña Karaoke,Rionegro,Antioquia,Colombia,"<span class=""grey""> / Barbacoa, Restaurante, Pub y bar</span>",6.1550313,-75.37393270000001
469,Supermercado Las Margaritas,Rionegro,Antioquia,Colombia,"<span class=""grey""> / Restaurante</span>",6.127999,-75.381908
470,Santa Ana Sandwich & Burguer,Rionegro,Antioquia,Colombia,"<span class=""grey""> / Restaurante, Comida rápida</span>",6.1311529,-75.3813961
471,Mr. Bruno,Rionegro,Antioquia,Colombia,"<span class=""grey""> / Restaurante, Comida rápida</span>",6.1382876,-75.3849659
472,Kekomo,Rionegro,Antioquia,Colombia,"<span class=""grey""> / Restaurante, Comida rápida</span>",6.149018799999999,-75.3789523
473,Sector7G Drinks & Food,Rionegro,Antioquia,Colombia,"<span class=""grey""> / Barbacoa, Restaurante, Pub y bar</span>",6.153513299999999,-75.3727321
474,Mar y Tierra,Rionegro,Antioquia,Colombia,"<span class=""grey""> / Marisco, Restaurante</span>",6.155259099999999,-75.3723512
475,PUNTO CALIENTE sazón y sabor,Rionegro,Antioquia,Colombia,"<span class=""grey""> / Restaurante</span>",6.149018799999999,-75.3789523
476,Mis carnes parrilla,Rionegro,Antioquia,Colombia,"<span class=""grey""> / Restaurante, Parrilla</span>",6.1797713,-75.4347313
477,Mar y Tierra,Rionegro,Antioquia,Colombia,"<span class=""grey""> / Marisco, Restaurante</span>",6.155259099999999,-75.3723512
478,STUNT FOOD,Rionegro,Antioquia,Colombia,"<span class=""grey""> / Restaurante, Comida rápida</span>",6.1480008,-75.38612189999999
479,"Pasteles De Pollo, Empanadas Deliciosos.",Rionegro,Antioquia,Colombia,"<span class=""grey""> / Restaurante</span>",6.185961499999999,-75.377324
480,restaurante Emparepas,Rionegro,Antioquia,Colombia,"<span class=""grey""> / Restaurante</span>",6.148291599999999,-75.38640149999999
481,The Rib House By Rio Vio,Rionegro,Antioquia,Colombia,"<span class=""grey""> / Restaurante, Barbacoa, Pub y bar</span>",6.149018799999999,-75.3789523
482,Barlovento PIZZA BAR,Rionegro,Antioquia,Colombia,"<span class=""grey""> / Pub y bar, Pizzería, Restaurante</span>",6.1568665,-75.3748042
483,Soccer Center,Rionegro,Antioquia,Colombia,"<span class=""grey""> / Restaurante, Pub y bar</span>",6.173581,-75.433007
484,The RIB House,Rionegro,Antioquia,Colombia,"<span class=""grey""> / Barbacoa, Restaurante</span>",6.1368,-75.39099499999999
485,Martinika,Rionegro,Antioquia,Colombia,"<span class=""grey""> / Restaurante, Pub y bar</span>",6.131307199999999,-75.3813923
486,Bar Tequilazo,Rionegro,Antioquia,Colombia,"<span class=""grey""> / Pub y bar, Restaurante</span>",6.149145,-75.38691299999999
487,Restaurante Rincón Típico,Rionegro,Antioquia,Colombia,"<span class=""grey""> / Restaurante</span>",6.157347,-75.369801
488,Taberna La Mulada,Rionegro,Antioquia,Colombia,"<span class=""grey""> / Restaurante</span>",6.152827,-75.36345399999999
489,Restaurante Las Acacias,Rionegro,Antioquia,Colombia,"<span class=""grey""> / Restaurante</span>",6.153893000000001,-75.37528999999999
490,Restaurante La Terminal,Rionegro,Antioquia,Colombia,"<span class=""grey""> / Marisco, Restaurante</span>",6.151178,-75.37315199999999
491,Restaurante El Diamante,Rionegro,Antioquia,Colombia,"<span class=""grey""> / Restaurante</span>",6.158449,-75.370752
492,Granero Tres Esquinas El Pelón,Rionegro,Antioquia,Colombia,"<span class=""grey""> / Restaurante</span>",6.152103899999999,-75.37785699999999
493,Maqui,Rionegro,Antioquia,Colombia,"<span class=""grey""> / Restaurante</span>",6.153353399999999,-75.3705605
494,Brasas y brosty,Rionegro,Antioquia,Colombia,"<span class=""grey""> / Restaurante</span>",6.154020099999999,-75.3744349
495,Restaurante El Único,Rionegro,Antioquia,Colombia,"<span class=""grey""> / Restaurante</span>",6.1589488,-75.36975679999999
496,La Maizalera,Rionegro,Antioquia,Colombia,"<span class=""grey""> / Restaurante</span>",6.1489249,-75.3865507
497,Dulce parrilla,Rionegro,Antioquia,Colombia,"<span class=""grey""> / Restaurante, Parrilla</span>",6.1478139,-75.3827952
498,Antojería Burger and Beer,Rionegro,Antioquia,Colombia,"<span class=""grey""> / Pub y bar, Restaurante</span>",6.1253799,-75.4233624
499,Deli Alitas Express Rionegro,Rionegro,Antioquia,Colombia,"<span class=""grey""> / Restaurante</span>",6.1490472,-75.3880401
500,Herrero restaurante,Rionegro,Antioquia,Colombia,"<span class=""grey""> / Restaurante</span>",6.1268666,-75.42168749999999
501,4&CO by Los Valles Deshidratados,Rionegro,Antioquia,Colombia,"<span class=""grey""> / Restaurante</span>",6.130969200000001,-75.3988178
502,Sabrosuras del Mar,Rionegro,Antioquia,Colombia,"<span class=""grey""> / Restaurante</span>",6.1538514,-75.3739511
503,World Famous BBQ Smoken Ribs,Rionegro,Antioquia,Colombia,"<span class=""grey""> / Barbacoa, Restaurante</span>",6.1368,-75.39099499999999
504,Huellas paisas,Rionegro,Antioquia,Colombia,"<span class=""grey""> / Restaurante</span>",6.150497,-75.3921048
505,Templo de los Ricos Pasteles,Rionegro,Antioquia,Colombia,"<span class=""grey""> / Restaurante</span>",6.149187100000001,-75.3860593
506,Restaurante Ahora Pollo,Rionegro,Antioquia,Colombia,"<span class=""grey""> / Restaurante, Comida rápida</span>",6.155214,-75.37212
507,Restaurante Ricuras de La 47,Rionegro,Antioquia,Colombia,"<span class=""grey""> / Restaurante</span>",6.152101,-75.374099
508,Charcutería La Esquina,Rionegro,Antioquia,Colombia,"<span class=""grey""> / Restaurante</span>",6.1258551,-75.4197787
509,Restaurante Maná,Rionegro,Antioquia,Colombia,"<span class=""grey""> / Restaurante</span>",6.154775,-75.370644
510,Restaurante Don Tomás,Rionegro,Antioquia,Colombia,"<span class=""grey""> / Restaurante</span>",6.157018000000001,-75.370139
511,Bar Córdoba,Rionegro,Antioquia,Colombia,"<span class=""grey""> / Pub y bar, Restaurante</span>",6.154416899999999,-75.37421599999999
512,Comidas Club Social Torremolino,Rionegro,Antioquia,Colombia,"<span class=""grey""> / Club, Restaurante</span>",6.154796,-75.37404599999999
513,Bar Bilbao,Rionegro,Antioquia,Colombia,"<span class=""grey""> / Pub y bar, Restaurante</span>",6.148475899999999,-75.386346
514,Bar V 5to,Rionegro,Antioquia,Colombia,"<span class=""grey""> / Pub y bar, Restaurante</span>",6.129132999999999,-75.380055
515,Bar Drinks And More,Rionegro,Antioquia,Colombia,"<span class=""grey""> / Pub y bar, Restaurante</span>",6.129275,-75.380038
516,Bar Club Social Géminis,Rionegro,Antioquia,Colombia,"<span class=""grey""> / Pub y bar, Club, Restaurante</span>",6.1478,-75.3866479
517,Granero El Planito,Rionegro,Antioquia,Colombia,"<span class=""grey""> / Restaurante</span>",6.150022,-75.39577899999999
518,Licorería La Favorita,Rionegro,Antioquia,Colombia,"<span class=""grey""> / Restaurante</span>",6.156035,-75.371253
519,Carnicería Gusto Carnes,Rionegro,Antioquia,Colombia,"<span class=""grey""> / Restaurante</span>",6.127830899999999,-75.382296
520,Compras El Revolcón Distri,Rionegro,Antioquia,Colombia,"<span class=""grey""> / Restaurante</span>",6.155964,-75.37062399999999
521,Bar Equinoccio,Rionegro,Antioquia,Colombia,"<span class=""grey""> / Pub y bar, Restaurante</span>",6.155108999999999,-75.373961
522,Bar Centro Social La Caponera,Rionegro,Antioquia,Colombia,"<span class=""grey""> / Pub y bar, Restaurante</span>",6.153531999999999,-75.37533800000001
523,Donde Julio,Rionegro,Antioquia,Colombia,"<span class=""grey""> / Restaurante</span>",6.155049399999999,-75.3732139
524,ORIGAMI SUSHI,Rionegro,Antioquia,Colombia,"<span class=""grey""> / Sushi, Restaurante</span>",6.1644376,-75.3688291
525,So Happy Más,Rionegro,Antioquia,Colombia,"<span class=""grey""> / Restaurante</span>",6.1471325,-75.3779047
526,Ramirez Arana Catering,Rionegro,Antioquia,Colombia,"<span class=""grey""> / Restaurante</span>",6.175585799999999,-75.4281127
527,Backenballs,Rionegro,Antioquia,Colombia,"<span class=""grey""> / Restaurante</span>",6.1530607,-75.373882
528,Sabor latino,Rionegro,Antioquia,Colombia,"<span class=""grey""> / Restaurante</span>",6.1500759,-75.3855623
529,La Wafflera San Antonio,Rionegro,Antioquia,Colombia,"<span class=""grey""> / Restaurante</span>",6.1300956,-75.3805821
530,Wild Wings & Co,Rionegro,Antioquia,Colombia,"<span class=""grey""> / Restaurante</span>",6.131181199999999,-75.3989734
531,Kokoriko C.C. San Nicolás,Rionegro,Antioquia,Colombia,"<span class=""grey""> / Restaurante</span>",6.147104,-75.3783109
532,Time Out Sports Bar,Rionegro,Antioquia,Colombia,"<span class=""grey""> / Pub y bar</span>",6.172835999999999,-75.5869637
533,"Pike Pizzeria, Cocina Italiana.",Rionegro,Antioquia,Colombia,"<span class=""grey""> / Pizzería, Restaurante, Italiana</span>",6.1274188,-75.3825872
534,Restaurante El Potrero,Rionegro,Antioquia,Colombia,"<span class=""grey""> / Barbacoa, Restaurante</span>",6.1295742,-75.38072609999999
535,Frutinal S.A.S,Rionegro,Antioquia,Colombia,"<span class=""grey""> / Restaurante</span>",6.1881571,-75.5798404
536,Bistro Paisa,Rionegro,Antioquia,Colombia,"<span class=""grey""> / Restaurante, Comida rápida</span>",6.1539794,-75.3726221
537,Counter Culture,Rionegro,Antioquia,Colombia,"<span class=""grey""> / Restaurante</span>",6.1320559,-75.3996474
538,Anditos BBQ (Authentic Southern BBQ),Rionegro,Antioquia,Colombia,"<span class=""grey""> / Barbacoa, Restaurante</span>",6.1383369,-75.38508209999999
539,The Burger Company,Rionegro,Antioquia,Colombia,"<span class=""grey""> / Restaurante, Comida rápida</span>",6.1480008,-75.38612189999999
540,Media Luna San Antonio,Rionegro,Antioquia,Colombia,"<span class=""grey""> / Restaurante</span>",6.130000000000001,-75.3802778
541,Gastro Art,Rionegro,Antioquia,Colombia,"<span class=""grey""> / Restaurante</span>",6.1470023,-75.37954669999999
542,Sea Paradise,Rionegro,Antioquia,Colombia,"<span class=""grey""> / Restaurante</span>",6.1597038,-75.4121625
543,El Chef Polo,Rionegro,Antioquia,Colombia,"<span class=""grey""> / Restaurante</span>",6.155291099999999,-75.3720293
544,D´elihelatto,Rionegro,Antioquia,Colombia,"<span class=""grey""> / Restaurante</span>",6.148685899999999,-75.3684923
545,Restaurante Costeño Rionegro,Rionegro,Antioquia,Colombia,"<span class=""grey""> / Restaurante</span>",6.1408358,-75.3787806
546,Dulce Mañana De Oriente,Rionegro,Antioquia,Colombia,"<span class=""grey""> / Comida rápida, Restaurante</span>",6.130126199999999,-75.3805849
547,Juanchos Restaurante,Rionegro,Antioquia,Colombia,"<span class=""grey""> / Restaurante</span>",6.151906100000001,-75.3772899
548,Sabores gourmet fast food,Rionegro,Antioquia,Colombia,"<span class=""grey""> / Restaurante, Comida rápida</span>",6.1553358,-75.3719026
549,Comidas Rapidas Y Asados Lenox,Rionegro,Antioquia,Colombia,"<span class=""grey""> / Restaurante</span>",6.1284933,-75.381357
550,“Paninos” Sandwich & Cafe,Rionegro,Antioquia,Colombia,"<span class=""grey""> / Restaurante, Café</span>",6.124664399999999,-75.4231096
551,Sabor paisa panadería y restaurante.,Rionegro,Antioquia,Colombia,"<span class=""grey""> / Restaurante</span>",6.1605595,-75.36894730000002
552,J&C Delicias Express,Rionegro,Antioquia,Colombia,"<span class=""grey""> / Restaurante</span>",6.144837,-75.375085
553,RESTAURANTE DELICIAS DE DOÑA OTTI,Rionegro,Antioquia,Colombia,"<span class=""grey""> / Restaurante</span>",6.130605699999999,-75.3832505
554,Catando cafe,Rionegro,Antioquia,Colombia,"<span class=""grey""> / Restaurante, Café</span>",6.149062499999999,-75.36898699999999
555,BURGUÉS GOURMET,Rionegro,Antioquia,Colombia,"<span class=""grey""> / Restaurante</span>",6.144837,-75.375085
556,Delimaná,Rionegro,Antioquia,Colombia,"<span class=""grey""> / Restaurante</span>",6.1530607,-75.373882
557,Fusioncaferestaurante,Rionegro,Antioquia,Colombia,"<span class=""grey""> / Restaurante</span>",6.148309800000001,-75.3868473
558,Special Cakes Llanogrande,Rionegro,Antioquia,Colombia,"<span class=""grey""> / Postres, Restaurante</span>",6.1243931,-75.4204827
559,Kaboom Fast Food,Rionegro,Antioquia,Colombia,"<span class=""grey""> / Comida rápida, Restaurante</span>",6.1480008,-75.38612189999999
560,Queen's Food,Rionegro,Antioquia,Colombia,"<span class=""grey""> / Restaurante</span>",6.136703199999999,-75.3915901
561,Queen’sfood,Rionegro,Antioquia,Colombia,"<span class=""grey""> / Restaurante</span>",6.1572038,-75.371272
562,Las Fritas San Antonio,Rionegro,Antioquia,Colombia,"<span class=""grey""> / Restaurante</span>",6.1295157,-75.3805986
563,Cipriani no oficial,Rionegro,Antioquia,Colombia,"<span class=""grey""> / Restaurante</span>",6.138371999999999,-75.3851725
564,Paladar de Reyes,Rionegro,Antioquia,Colombia,"<span class=""grey""> / Restaurante</span>",6.154415999999999,-75.372945
565,Tamales Jose,Rionegro,Antioquia,Colombia,"<span class=""grey""> / Restaurante</span>",6.127492600000001,-75.3825332
566,Donde Quieras,Rionegro,Antioquia,Colombia,"<span class=""grey""> / Restaurante, Cafetería</span>",6.153550399999999,-75.373938
567,Bulevar Cafe,Rionegro,Antioquia,Colombia,"<span class=""grey""> / Restaurante, Café</span>",6.1524633,-75.37483890000001
568,Tres burguer n' ribs,Rionegro,Antioquia,Colombia,"<span class=""grey""> / Restaurante</span>",6.1287496,-75.3812343
569,Entrecorte restaurante parrilla express,Rionegro,Antioquia,Colombia,"<span class=""grey""> / Parrilla, Barbacoa, Pub y bar, Restaurante</span>",6.1530849,-75.4087579
570,DONER MIX,Rionegro,Antioquia,Colombia,"<span class=""grey""> / Restaurante</span>",6.148675,-75.38633999999999
571,Licorera Tabaco Y Caney,Rionegro,Antioquia,Colombia,"<span class=""grey""> / Restaurante</span>",6.154495,-75.37248199999999
572,Bar Santelmo,Rionegro,Antioquia,Colombia,"<span class=""grey""> / Pub y bar, Restaurante</span>",6.1301923,-75.3797836
573,Bar Voces de Antaño,Rionegro,Antioquia,Colombia,"<span class=""grey""> / Pub y bar, Restaurante</span>",6.155056999999999,-75.373986
574,Almacén Multicompras,Rionegro,Antioquia,Colombia,"<span class=""grey""> / Restaurante</span>",6.153253900000001,-75.372698
575,Bar La Campiña,Rionegro,Antioquia,Colombia,"<span class=""grey""> / Pub y bar, Restaurante</span>",6.15458,-75.374965
576,Licorería Licolarte,Rionegro,Antioquia,Colombia,"<span class=""grey""> / Restaurante</span>",6.129347999999999,-75.380027
577,Cigarrería Don Pepe,Rionegro,Antioquia,Colombia,"<span class=""grey""> / Restaurante</span>",6.152682,-75.373526
578,Supercarnes,Rionegro,Antioquia,Colombia,"<span class=""grey""> / Restaurante</span>",6.153371,-75.371768
579,Discoteca Bar Juanes,Rionegro,Antioquia,Colombia,"<span class=""grey""> / Pub y bar, Club, Restaurante</span>",6.154699,-75.374084
580,Tienda La Flor del Alba,Rionegro,Antioquia,Colombia,"<span class=""grey""> / Restaurante</span>",6.151957899999999,-75.376173
581,Restaurante Industriales,Rionegro,Antioquia,Colombia,"<span class=""grey""> / Restaurante</span>",6.157324,-75.368726
582,Rancho Bar Los Estribos,Rionegro,Antioquia,Colombia,"<span class=""grey""> / Pub y bar, Restaurante</span>",6.129698899999999,-75.380726
583,Lácteos Y Cárnicos Mar Azul,Rionegro,Antioquia,Colombia,"<span class=""grey""> / Restaurante</span>",6.12913,-75.380135
584,Restaurante La Salud,Rionegro,Antioquia,Colombia,"<span class=""grey""> / Restaurante</span>",6.158259999999999,-75.371027
585,Taberna Cheroky Kyn,Rionegro,Antioquia,Colombia,"<span class=""grey""> / Restaurante</span>",6.148377,-75.38676699999999
586,Compras Autoservicio,Rionegro,Antioquia,Colombia,"<span class=""grey""> / Restaurante</span>",6.156772999999999,-75.371517
587,Portillo Restaurant,Rionegro,Antioquia,Colombia,"<span class=""grey""> / Restaurante</span>",6.136703199999999,-75.3915901
588,Parrilla y sabor,Rionegro,Antioquia,Colombia,"<span class=""grey""> / Parrilla, Restaurante</span>",6.148788199999999,-75.3958396
589,Canela Flowers Coffee,Rionegro,Antioquia,Colombia,"<span class=""grey""> / Coffee houses, Restaurante</span>",6.1275716,-75.380758
590,Don Antonio Café,Rionegro,Antioquia,Colombia,"<span class=""grey""> / Coffee houses, Restaurante, Café</span>",6.1308264,-75.3804068
591,El Punto Saludable Ríonegro,Rionegro,Antioquia,Colombia,"<span class=""grey""> / Restaurante</span>",6.153171899999999,-75.4058969
592,Panaderia Gualanday,Rionegro,Antioquia,Colombia,"<span class=""grey""> / Restaurante</span>",6.1383423,-75.3847021
593,Crispan Rionegro,Rionegro,Antioquia,Colombia,"<span class=""grey""> / Postres, Restaurante</span>",6.1540491,-75.3744359
594,El encanto sabor y frescura natural,Rionegro,Antioquia,Colombia,"<span class=""grey""> / Restaurante</span>",6.153226,-75.372862
595,Restaurantes en Rionegro y Llanogrande,Rionegro,Antioquia,Colombia,"<span class=""grey""> / Barbacoa, Pub y bar, Restaurante</span>",6.1244352,-75.423408
596,La Casa del Pan De Queso,Rionegro,Antioquia,Colombia,"<span class=""grey""> / Restaurante</span>",6.154307999999999,-75.370707
597,Fonda El Portal,Rionegro,Antioquia,Colombia,"<span class=""grey""> / Restaurante</span>",6.128807999999999,-75.381179
598,Food Magic JC,Rionegro,Antioquia,Colombia,"<span class=""grey""> / Comida rápida, Restaurante</span>",6.148319799999999,-75.3863932
599,sabor PIZZA,Rionegro,Antioquia,Colombia,"<span class=""grey""> / Pizzería, Restaurante</span>",6.1557284,-75.3759408
600,Lazzaruspizzas,Rionegro,Antioquia,Colombia,"<span class=""grey""> / Pizzería, Restaurante</span>",6.157113,-75.3728598
601,Pizzas happy,Rionegro,Antioquia,Colombia,"<span class=""grey""> / Pizzería, Restaurante</span>",6.158059499999999,-75.372626
602,Sushi Market,Rionegro,Antioquia,Colombia,"<span class=""grey""> / Sushi, Restaurante</span>",6.1228565,-75.4253754
603,El Sabor que te Encanta,Rionegro,Antioquia,Colombia,"<span class=""grey""> / Comida rápida, Restaurante</span>",6.1491016,-75.3681198
604,Papa John's Pizza,Rionegro,Antioquia,Colombia,"<span class=""grey""> / Pizzería, Comida rápida, Restaurante</span>",6.116611,-75.4234616
605,Domino's Pizza,Rionegro,Antioquia,Colombia,"<span class=""grey""> / Pizzería, Comida rápida, Restaurante</span>",6.1507711,-75.3908781
606,Presto Rgn Aerp Jose M,Rionegro,Antioquia,Colombia,"<span class=""grey""> / Comida rápida, Restaurante</span>",6.1707937,-75.4275863
607,Caliche Ceviche,Rionegro,Antioquia,Colombia,"<span class=""grey""> / Comida rápida, Restaurante</span>",6.2302126,-75.5701528
608,M&R Ricuras Venezolanas,Rionegro,Antioquia,Colombia,"<span class=""grey""> / Restaurante, Comida rápida</span>",6.128681599999999,-75.379718
609,Majoma Express Parrilla,Rionegro,Antioquia,Colombia,"<span class=""grey""> / Barbacoa, Pub y bar, Parrilla, Restaurante</span>",6.149018799999999,-75.3789523
610,Comidas Rápidas Caña Dulce,Rionegro,Antioquia,Colombia,"<span class=""grey""> / Comida rápida, Restaurante</span>",6.154164000000001,-75.3731619
611,Comidas Rápidas Delicia Oriental,Rionegro,Antioquia,Colombia,"<span class=""grey""> / Comida rápida, Restaurante</span>",6.157077,-75.37084899999999
612,Comidas Rápidas Punto de Encuentro,Rionegro,Antioquia,Colombia,"<span class=""grey""> / Restaurante, Comida rápida</span>",6.129296000000001,-75.380129
613,Pollo Frito Pinky,Rionegro,Antioquia,Colombia,"<span class=""grey""> / Restaurante, Comida rápida</span>",6.152286999999999,-75.37380499999999
614,Gratinados y Lasagnas de La Casa,Rionegro,Antioquia,Colombia,"<span class=""grey""> / Pizzería, Restaurante, Comida rápida</span>",6.141178,-75.377309
615,Restaurante Mr Pollo Y Chocolera,Rionegro,Antioquia,Colombia,"<span class=""grey""> / Restaurante, Comida rápida</span>",6.1539532,-75.37274529999999
616,O'NDE PIPE,Rionegro,Antioquia,Colombia,"<span class=""grey""> / Restaurante, Comida rápida</span>",6.1561688,-75.37113219999999
617,Oasis Pizza,Rionegro,Antioquia,Colombia,"<span class=""grey""> / Pizzería, Restaurante</span>",6.151307999999999,-75.37353139999999
618,El Cubano Sandwichs,Rionegro,Antioquia,Colombia,"<span class=""grey""> / Restaurante, Comida rápida</span>",6.147104,-75.3783109
619,Subway Colombia,Rionegro,Antioquia,Colombia,"<span class=""grey""> / Restaurante, Comida rápida</span>",6.1534026,-75.3747401
620,Frutos del Mar al Paladar,Rionegro,Antioquia,Colombia,"<span class=""grey""> / Marisco, Restaurante</span>",6.127639599999999,-75.3820229
621,FOGATA Burger & Ribs,Rionegro,Antioquia,Colombia,"<span class=""grey""> / Restaurante</span>",6.1268705,-75.4218279
622,VIPColombiaPoker,Rionegro,Antioquia,Colombia,"<span class=""grey""> / Restaurante</span>",6.1387863,-75.3792264
623,Cafeteria Y Restaurante El Divino Niño,Rionegro,Antioquia,Colombia,"<span class=""grey""> / Cafetería, Restaurante</span>",6.1552301,-75.3702534
624,Peccati,Rionegro,Antioquia,Colombia,"<span class=""grey""> / Restaurante</span>",6.1522694,-75.3710633
625,Pollos Kokoliso,Rionegro,Antioquia,Colombia,"<span class=""grey""> / Restaurante</span>",6.1487799,-75.3684459
626,La Ruta luch and fast food,Rionegro,Antioquia,Colombia,"<span class=""grey""> / Restaurante, Comida rápida</span>",6.142179500000001,-75.3730831
627,La estación,Rionegro,Antioquia,Colombia,"<span class=""grey""> / Restaurante</span>",6.149036199999999,-75.39085109999999
628,La Cuarta Estación,Rionegro,Antioquia,Colombia,"<span class=""grey""> / Restaurante</span>",6.1305724,-75.3788685
629,Bamboo restaurante comida mexicana,Rionegro,Antioquia,Colombia,"<span class=""grey""> / Mexicana, Restaurante</span>",6.128015599999999,-75.3815089
630,The hot dog station,Rionegro,Antioquia,Colombia,"<span class=""grey""> / Restaurante</span>",6.160811199999999,-75.3741167
631,Santorini Pizzería Bar Llanogrande,Rionegro,Antioquia,Colombia,"<span class=""grey""> / Pub y bar, Pizzería, Restaurante</span>",6.153813299999999,-75.4359649
632,Finca La Maria,Rionegro,Antioquia,Colombia,"<span class=""grey""> / Restaurante</span>",6.149018799999999,-75.3789523
633,Entre parceros y panas,Rionegro,Antioquia,Colombia,"<span class=""grey""> / Restaurante</span>",6.157301599999999,-75.37509829999999
634,Restaurante Rosita,Rionegro,Antioquia,Colombia,"<span class=""grey""> / Restaurante</span>",6.153287499999999,-75.3724701
635,Mar y y tierra asados,Rionegro,Antioquia,Colombia,"<span class=""grey""> / Restaurante</span>",6.155259099999999,-75.3723512
636,COMIDAS RÁPIDAS Y HELADOS TRES CANTOS,Rionegro,Antioquia,Colombia,"<span class=""grey""> / Restaurante</span>",6.1549321,-75.3829523
637,La Maizalera,Rionegro,Antioquia,Colombia,"<span class=""grey""> / Restaurante</span>",6.1489249,-75.3865507
638,Nebula burger,Rionegro,Antioquia,Colombia,"<span class=""grey""> / Restaurante</span>",6.120983100000001,-75.3780544
639,EL NOGAL CAFÉ,Rionegro,Antioquia,Colombia,"<span class=""grey""> / Restaurante, Café</span>",6.15265,-75.36320549999999
640,El rincón de las delicias venezolanas,Rionegro,Antioquia,Colombia,"<span class=""grey""> / Restaurante</span>",6.149906199999999,-75.3929204
641,RESTAURANTE 2 ESQUINAS,Rionegro,Antioquia,Colombia,"<span class=""grey""> / Restaurante</span>",6.1513113,-75.3877223
642,Zutrans,Rionegro,Antioquia,Colombia,"<span class=""grey""> / Sushi, Restaurante</span>",6.105089899999999,-75.4196456
643,Asados Villa,Rionegro,Antioquia,Colombia,"<span class=""grey""> / Restaurante</span>",6.144837,-75.375085
644,Bc/Brasas de Colombia,Rionegro,Antioquia,Colombia,"<span class=""grey""> / Restaurante</span>",6.1476101,-75.38689699999999
645,Popsy,Rionegro,Antioquia,Colombia,"<span class=""grey""> / Restaurante</span>",6.1490923,-75.377681
646,Consuelo M Ceballos os,Rionegro,Antioquia,Colombia,"<span class=""grey""> / Restaurante</span>",6.149018799999999,-75.3789523
647,Piccolo Llanogrande,Rionegro,Antioquia,Colombia,"<span class=""grey""> / Restaurante</span>",6.1244743,-75.41963419999999
648,Taberna y Restaurante Gabys,Rionegro,Antioquia,Colombia,"<span class=""grey""> / Restaurante</span>",6.129026,-75.380068
649,Paerez Montoya Rionegr,Rionegro,Antioquia,Colombia,"<span class=""grey""> / Restaurante</span>",6.149018799999999,-75.3789523
650,Alhambre Calambre,Rionegro,Antioquia,Colombia,"<span class=""grey""> / Restaurante</span>",6.1197486,-75.4329645
651,disfruta z k fruta,Rionegro,Antioquia,Colombia,"<span class=""grey""> / Restaurante</span>",6.1308507,-75.38034979999999
652,Piza Tio Ricardo,Rionegro,Antioquia,Colombia,"<span class=""grey""> / Restaurante</span>",6.1385291,-75.3850198
653,Hot-Wings,Rionegro,Antioquia,Colombia,"<span class=""grey""> / Restaurante</span>",6.1599635,-75.3702069
654,La Manteleria,Rionegro,Antioquia,Colombia,"<span class=""grey""> / Restaurante</span>",6.118824399999999,-75.4363747
655,Picolino Expres,Rionegro,Antioquia,Colombia,"<span class=""grey""> / Restaurante</span>",6.146454599999999,-75.3800574
656,Bar Ricuras Y Café,Rionegro,Antioquia,Colombia,"<span class=""grey""> / Pub y bar, Café, Restaurante</span>",6.1530379,-75.37482899999999
657,Shanikar,Rionegro,Antioquia,Colombia,"<span class=""grey""> / Comida rápida, Restaurante</span>",6.1492656,-75.3860388
658,Amparo Rendón,Rionegro,Antioquia,Colombia,"<span class=""grey""> / Restaurante</span>",6.1552853,-75.3725042
659,Mundos Ribs,Rionegro,Antioquia,Colombia,"<span class=""grey""> / Restaurante</span>",6.1522694,-75.3710633
660,EL FARO,Rionegro,Antioquia,Colombia,"<span class=""grey""> / Restaurante</span>",6.1476054,-75.3732807
661,Kirrikiki,Rionegro,Antioquia,Colombia,"<span class=""grey""> / Restaurante</span>",6.152615000000001,-75.3737738
662,Mezzaluna Cocina Natural,Rionegro,Antioquia,Colombia,"<span class=""grey""> / Restaurante</span>",6.1775749,-75.5862422
663,Amordiscos,Rionegro,Antioquia,Colombia,"<span class=""grey""> / Restaurante</span>",6.1724412,-75.5855777
664,Ricuras M&R,Rionegro,Antioquia,Colombia,"<span class=""grey""> / Restaurante</span>",6.1269013,-75.3820748
665,Bar El Palomar,Rionegro,Antioquia,Colombia,"<span class=""grey""> / Pub y bar, Restaurante</span>",6.606589,-75.94041709999999
666,Que Rico,Rionegro,Antioquia,Colombia,"<span class=""grey""> / Restaurante</span>",6.146857799999999,-75.3796381
667,Savanna Gourmet,Rionegro,Antioquia,Colombia,"<span class=""grey""> / Restaurante</span>",6.147259999999999,-75.37953999999999
668,Deli Reposteria,Rionegro,Antioquia,Colombia,"<span class=""grey""> / Restaurante, Postres</span>",6.1468493,-75.3785357
669,Taberna Bar Evocación,Rionegro,Antioquia,Colombia,"<span class=""grey""> / Pub y bar, Restaurante</span>",6.152094,-75.37386099999999
670,Granero Familiar,Rionegro,Antioquia,Colombia,"<span class=""grey""> / Restaurante</span>",6.153478,-75.37514
671,Licorera Kr55b 22,Rionegro,Antioquia,Colombia,"<span class=""grey""> / Restaurante</span>",6.129262,-75.38075300000001
672,Kaeiro lounge,Rionegro,Antioquia,Colombia,"<span class=""grey""> / Restaurante</span>",6.131072899999999,-75.38023700000001
673,Bar San Remo,Rionegro,Antioquia,Colombia,"<span class=""grey""> / Pub y bar, Restaurante</span>",6.128584999999999,-75.381186
674,Colom,Rionegro,Antioquia,Colombia,"<span class=""grey""> / Restaurante</span>",6.149018799999999,-75.3789523
675,San Joan Despi Barcelona,Rionegro,Antioquia,Colombia,"<span class=""grey""> / Restaurante</span>",6.15564,-75.373135
676,Restaurante Buen Apetito,Rionegro,Antioquia,Colombia,"<span class=""grey""> / Restaurante</span>",6.141344,-75.376998
677,Detalles Mariangel,Rionegro,Antioquia,Colombia,"<span class=""grey""> / Restaurante</span>",6.15458,-75.374965
678,Restaurante Danymar,Rionegro,Antioquia,Colombia,"<span class=""grey""> / Restaurante</span>",6.152081,-75.37417099999999
679,Supermercado Merkemas Autoservicio,Rionegro,Antioquia,Colombia,"<span class=""grey""> / Restaurante</span>",6.153091,-75.37312
680,Restaurante Las Vegas,Rionegro,Antioquia,Colombia,"<span class=""grey""> / Restaurante</span>",6.154035899999999,-75.374184
681,Bar Nelcon,Rionegro,Antioquia,Colombia,"<span class=""grey""> / Pub y bar, Restaurante</span>",6.129480999999999,-75.379983
682,Granos Y Legumbres Merkarlos,Rionegro,Antioquia,Colombia,"<span class=""grey""> / Restaurante</span>",6.151657999999999,-75.3762239
683,Bar El Cantinazo,Rionegro,Antioquia,Colombia,"<span class=""grey""> / Pub y bar, Restaurante</span>",6.129713000000001,-75.380431
684,Restaurante Fríjoles Y Pollo,Rionegro,Antioquia,Colombia,"<span class=""grey""> / Restaurante</span>",6.155646,-75.37207099999999
685,Bar El Viejo Faro,Rionegro,Antioquia,Colombia,"<span class=""grey""> / Pub y bar, Restaurante</span>",6.152603999999999,-75.373773
686,Agencia de Abarrotes San Francisco,Rionegro,Antioquia,Colombia,"<span class=""grey""> / Restaurante</span>",6.154456,-75.3724
687,Bar La Tertulia de La 47,Rionegro,Antioquia,Colombia,"<span class=""grey""> / Pub y bar, Restaurante</span>",6.151911000000001,-75.376975
688,Bar Dolarex,Rionegro,Antioquia,Colombia,"<span class=""grey""> / Pub y bar, Restaurante</span>",6.15393,-75.3752389
689,Distribuidora de Carnes,Rionegro,Antioquia,Colombia,"<span class=""grey""> / Restaurante</span>",6.152563,-75.37481799999999
690,Licorera Blue,Rionegro,Antioquia,Colombia,"<span class=""grey""> / Restaurante</span>",6.155571999999999,-75.373672
691,Comidas Santo Sabor,Rionegro,Antioquia,Colombia,"<span class=""grey""> / Restaurante</span>",6.159905999999999,-75.369467
692,Rancho Y Licores El Gran Colonial,Rionegro,Antioquia,Colombia,"<span class=""grey""> / Restaurante</span>",6.153255,-75.37263999999999
693,Café Bar Añoranzas,Rionegro,Antioquia,Colombia,"<span class=""grey""> / Pub y bar, Café, Restaurante</span>",6.154505899999999,-75.37499199999999
694,Bar Barra La Bonga,Rionegro,Antioquia,Colombia,"<span class=""grey""> / Pub y bar, Restaurante</span>",6.15471,-75.373612
695,Restaurante Guaraní,Rionegro,Antioquia,Colombia,"<span class=""grey""> / Restaurante</span>",6.156995999999999,-75.37051199999999
696,Bar Rinconcito Vallenato,Rionegro,Antioquia,Colombia,"<span class=""grey""> / Pub y bar, Restaurante</span>",6.154707999999999,-75.37359699999999
697,Bar El Viejo,Rionegro,Antioquia,Colombia,"<span class=""grey""> / Pub y bar, Restaurante</span>",6.154623,-75.373621
698,Bar Rocal,Rionegro,Antioquia,Colombia,"<span class=""grey""> / Pub y bar, Restaurante</span>",6.153706,-75.37533499999999
699,Granero Ebejico Jf,Rionegro,Antioquia,Colombia,"<span class=""grey""> / Restaurante</span>",6.15979,-75.3695
700,Licorería Jarabe,Rionegro,Antioquia,Colombia,"<span class=""grey""> / Restaurante</span>",6.152216,-75.373598
701,Salento restaurante café,Rionegro,Antioquia,Colombia,"<span class=""grey""> / Coffee houses, Café, Restaurante</span>",6.140982800000001,-75.3772999
702,Restaurante La Estación - mercadito gourmet,Rionegro,Antioquia,Colombia,"<span class=""grey""> / Restaurante</span>",6.153594399999999,-75.3741878
703,Racler Llanogrande,Rionegro,Antioquia,Colombia,"<span class=""grey""> / Restaurante</span>",6.125269599999999,-75.4232153
704,Mi montañita,Rionegro,Antioquia,Colombia,"<span class=""grey""> / Restaurante</span>",6.153605,-75.3717125
705,Temaki,Rionegro,Antioquia,Colombia,"<span class=""grey""> / Restaurante</span>",6.1289053,-75.38008339999999
