nombre,Ciudad,Departamento,Pais,descripcion
La Abuela Nita,Rionegro,Antioquia,Colombia,"<span class=""grey""> / Restaurante</span>"
Crepes & Waffles,Rionegro,Antioquia,Colombia,"<span class=""grey""> / Restaurante</span>"
Della Nonna Llanogrande,Rionegro,Antioquia,Colombia,"<span class=""grey""> / Restaurante, Italiana, Marisco</span>"
El Porton,Rionegro,Antioquia,Colombia,"<span class=""grey""> / Pizzería, Pub y bar</span>"
Dulce Contigo,Rionegro,Antioquia,Colombia,"<span class=""grey""> / Postres</span>"
Cazuela y Tizon,Rionegro,Antioquia,Colombia,"<span class=""grey""> / Restaurante, Marisco</span>"
Brasas Parrilla Bar,Rionegro,Antioquia,Colombia,"<span class=""grey""> / Restaurante, Barbacoa, Pub y bar, Parrilla</span>"
Postres San Antonio,Rionegro,Antioquia,Colombia,"<span class=""grey""> / Restaurante, Postres</span>"
Mundos,Rionegro,Antioquia,Colombia,"<span class=""grey""> / Restaurante, Barbacoa, Parrilla</span>"
Savannah,Rionegro,Antioquia,Colombia,"<span class=""grey""> / Restaurante, Parrilla, Pub y bar, Barbacoa</span>"
Nido Del Jabali,Rionegro,Antioquia,Colombia,"<span class=""grey""> / Comida rápida, Restaurante, Pizzería, Pub y bar</span>"
Crepes & Waffles Llanogrande,Rionegro,Antioquia,Colombia,"<span class=""grey""> / Restaurante</span>"
Folklore,Rionegro,Antioquia,Colombia,"<span class=""grey""> / Restaurante</span>"
restaurante el patio de san antonio,Rionegro,Antioquia,Colombia,"<span class=""grey""> / Restaurante</span>"
La Taberna Pizza Bar,Rionegro,Antioquia,Colombia,"<span class=""grey""> / Restaurante, Pub y bar, Pizzería</span>"
Milagros,Rionegro,Antioquia,Colombia,"<span class=""grey""> / Restaurante, Mexicana</span>"
The Beef Store,Rionegro,Antioquia,Colombia,"<span class=""grey""> / Café, Comida rápida, Restaurante, Pub y bar, Pizzería</span>"
Chabuca,Rionegro,Antioquia,Colombia,"<span class=""grey""> / Restaurante</span>"
Artesano Express,Rionegro,Antioquia,Colombia,"<span class=""grey""> / Restaurante</span>"
Sushi 7,Rionegro,Antioquia,Colombia,"<span class=""grey""> / Restaurante, Marisco, Sushi</span>"
Lazzaroni Cg Pizzería,Rionegro,Antioquia,Colombia,"<span class=""grey""> / Restaurante, Italiana, Comida rápida, Pizzería</span>"
Mundos Ribs,Rionegro,Antioquia,Colombia,"<span class=""grey""> / Restaurante, Parrilla, Barbacoa</span>"
Don de Nico Restaurante Paisa,Rionegro,Antioquia,Colombia,"<span class=""grey""> / Restaurante</span>"
La Torre Gourmet,Rionegro,Antioquia,Colombia,"<span class=""grey""> / Restaurante</span>"
Estadero El Paraíso,Rionegro,Antioquia,Colombia,"<span class=""grey""> / Restaurante</span>"
Napoles,Rionegro,Antioquia,Colombia,"<span class=""grey""> / Restaurante, Pizzería</span>"
Pizzas con Sentido Rionegro,Rionegro,Antioquia,Colombia,"<span class=""grey""> / Restaurante, Comida rápida, Pizzería</span>"
Bbq Wings Express,Rionegro,Antioquia,Colombia,"<span class=""grey""> / Comida rápida, Barbacoa, Restaurante</span>"
Jalapeño,Rionegro,Antioquia,Colombia,"<span class=""grey""> / Restaurante, Mexicana</span>"
Xtreme Wings,Rionegro,Antioquia,Colombia,"<span class=""grey""> / Restaurante, Comida rápida</span>"
Las Falabellas,Rionegro,Antioquia,Colombia,"<span class=""grey""> / Restaurante, Barbacoa, Pub y bar</span>"
BEER,Rionegro,Antioquia,Colombia,"<span class=""grey""> / Pub y bar, Restaurante</span>"
Pollo Argentino a la Brasa,Rionegro,Antioquia,Colombia,"<span class=""grey""> / Restaurante</span>"
Pacho Asados,Rionegro,Antioquia,Colombia,"<span class=""grey""> / Restaurante, Barbacoa</span>"
Restaurante El Manantial,Rionegro,Antioquia,Colombia,"<span class=""grey""> / Comida rápida, Restaurante</span>"
Di Vino,Rionegro,Antioquia,Colombia,"<span class=""grey""> / Restaurante, Pub y bar, Barbacoa</span>"
Lleno de Gracia,Rionegro,Antioquia,Colombia,"<span class=""grey""> / Café, Restaurante</span>"
Club Campestre Llanogrande,Rionegro,Antioquia,Colombia,"<span class=""grey""> / Club</span>"
Jack's BURGER,Rionegro,Antioquia,Colombia,"<span class=""grey""> / Restaurante</span>"
Q CHIDO,Rionegro,Antioquia,Colombia,"<span class=""grey""> / Restaurante, Mexicana</span>"
Los Trailers Llanogrande,Rionegro,Antioquia,Colombia,"<span class=""grey""> / Restaurante, Pizzería, Sushi, Pub y bar, Barbacoa</span>"
Mistica burger,Rionegro,Antioquia,Colombia,"<span class=""grey""> / Restaurante, Pub y bar</span>"
Puebla (San Antonio De Pereira),Rionegro,Antioquia,Colombia,"<span class=""grey""> / Restaurante, Mexicana</span>"
Dogger,Rionegro,Antioquia,Colombia,"<span class=""grey""> / Comida rápida, Restaurante</span>"
Restaurante la casita de ROS,Rionegro,Antioquia,Colombia,"<span class=""grey""> / Restaurante</span>"
Asados Pachos,Rionegro,Antioquia,Colombia,"<span class=""grey""> / Barbacoa</span>"
DELICIAS LA 41,Rionegro,Antioquia,Colombia,"<span class=""grey""> / Restaurante</span>"
Pikeniqué Llanogrande,Rionegro,Antioquia,Colombia,"<span class=""grey""> / Restaurante</span>"
Pisco y Marisco,Rionegro,Antioquia,Colombia,"<span class=""grey""> / Marisco, Restaurante</span>"
Trattoria Grappolo,Rionegro,Antioquia,Colombia,"<span class=""grey""> / Café, Restaurante, Italiana, Pub y bar, Pizzería</span>"
Caña Fístola,Rionegro,Antioquia,Colombia,"<span class=""grey""> / Pub y bar</span>"
pizzoli restaurante,Rionegro,Antioquia,Colombia,"<span class=""grey""> / Restaurante, Pizzería</span>"
LAS CARNES EXPRESS,Rionegro,Antioquia,Colombia,"<span class=""grey""> / Restaurante</span>"
La Mesa De Luis,Rionegro,Antioquia,Colombia,"<span class=""grey""> / Restaurante, Pizzería</span>"
El Rancherito,Rionegro,Antioquia,Colombia,"<span class=""grey""> / Restaurante</span>"
Terra Brazza,Rionegro,Antioquia,Colombia,"<span class=""grey""> / Restaurante</span>"
Pizzas Piccolo Llanogrande,Rionegro,Antioquia,Colombia,"<span class=""grey""> / Restaurante, Pizzería, Comida rápida</span>"
San Antonio Picnic,Rionegro,Antioquia,Colombia,"<span class=""grey""> / Restaurante</span>"
Papa John's,Rionegro,Antioquia,Colombia,"<span class=""grey""> / Restaurante, Pizzería</span>"
Café Amoretto,Rionegro,Antioquia,Colombia,"<span class=""grey""> / Coffee houses, Postres, Café, Cafetería</span>"
L'areppa,Rionegro,Antioquia,Colombia,"<span class=""grey""> / Barbacoa, Restaurante, Parrilla</span>"
Os campestre,Rionegro,Antioquia,Colombia,"<span class=""grey""> / Restaurante</span>"
Villa campestre la Macarena,Rionegro,Antioquia,Colombia,"<span class=""grey""> / Restaurante</span>"
Steak Blue Restaurante Parrilla Bar,Rionegro,Antioquia,Colombia,"<span class=""grey""> / Restaurante, Pub y bar, Parrilla</span>"
"Poulet ""Parrilla Bar""",Rionegro,Antioquia,Colombia,"<span class=""grey""> / Pub y bar, Restaurante, Parrilla</span>"
Restaurante Vegetariano Todo Natural,Rionegro,Antioquia,Colombia,"<span class=""grey""> / Restaurante, Vegetarianos</span>"
Kit Kof Rionegro,Rionegro,Antioquia,Colombia,"<span class=""grey""> / Restaurante</span>"
Ya Supe Lupe,Rionegro,Antioquia,Colombia,"<span class=""grey""> / Restaurante</span>"
Piket ´Ando,Rionegro,Antioquia,Colombia,"<span class=""grey""> / Restaurante</span>"
il forno CC. San Nicolás I Rionegro,Rionegro,Antioquia,Colombia,"<span class=""grey""> / Restaurante, Italiana</span>"
RESTAURANTE ENTRECOTE,Rionegro,Antioquia,Colombia,"<span class=""grey""> / Restaurante</span>"
Porko burger,Rionegro,Antioquia,Colombia,"<span class=""grey""> / Restaurante</span>"
Brasa Llanera,Rionegro,Antioquia,Colombia,"<span class=""grey""> / Restaurante, Parrilla, Barbacoa</span>"
M&R Ricuras Venezolanas,Rionegro,Antioquia,Colombia,"<span class=""grey""> / Comida rápida, Restaurante</span>"
Matajo Burger,Rionegro,Antioquia,Colombia,"<span class=""grey""> / Restaurante</span>"
Pollos Llanogrande Al Carbón,Rionegro,Antioquia,Colombia,"<span class=""grey""> / Restaurante, Barbacoa</span>"
Domino's Pizza,Rionegro,Antioquia,Colombia,"<span class=""grey""> / Restaurante, Pizzería</span>"
Supermercado Panorama,Rionegro,Antioquia,Colombia,"<span class=""grey""> / Restaurante</span>"
fior di latte helado y cafe,Rionegro,Antioquia,Colombia,"<span class=""grey""> / Café, Cafetería</span>"
Niko Parrilla Express,Rionegro,Antioquia,Colombia,"<span class=""grey""> / Restaurante, Parrilla</span>"
Juan del Alma,Rionegro,Antioquia,Colombia,"<span class=""grey""> / Restaurante</span>"
HOTEL VALLE DE SAN NICOLAS,Rionegro,Antioquia,Colombia,"<span class=""grey""> / Restaurante</span>"
Chef House,Rionegro,Antioquia,Colombia,"<span class=""grey""> / Restaurante, Pub y bar</span>"
The Original Ribs,Rionegro,Antioquia,Colombia,"<span class=""grey""> / Restaurante</span>"
Amanita Pizza,Rionegro,Antioquia,Colombia,"<span class=""grey""> / Comida rápida, Pizzería, Restaurante</span>"
Sabor Dulce y Picante,Rionegro,Antioquia,Colombia,"<span class=""grey""> / Restaurante</span>"
Empanadas del gato felix,Rionegro,Antioquia,Colombia,"<span class=""grey""> / Restaurante</span>"
Cien Fuegos,Rionegro,Antioquia,Colombia,"<span class=""grey""> / Restaurante</span>"
Poulet San Antonio,Rionegro,Antioquia,Colombia,"<span class=""grey""> / Restaurante, Pub y bar</span>"
La Ruta,Rionegro,Antioquia,Colombia,"<span class=""grey""> / Restaurante, Pub y bar</span>"
La Sazón de Pérez,Rionegro,Antioquia,Colombia,"<span class=""grey""> / Restaurante</span>"
Wild Wings,Rionegro,Antioquia,Colombia,"<span class=""grey""> / Restaurante</span>"
Hornearte,Rionegro,Antioquia,Colombia,"<span class=""grey""> / Postres</span>"
SNACKS Costillas Y Alitas,Rionegro,Antioquia,Colombia,"<span class=""grey""> / Restaurante</span>"
Cipriani,Rionegro,Antioquia,Colombia,"<span class=""grey""> / Pizzería, Restaurante, Italiana</span>"
Postrelatto,Rionegro,Antioquia,Colombia,"<span class=""grey""> / Restaurante</span>"
Guigos pizzeria express,Rionegro,Antioquia,Colombia,"<span class=""grey""> / Restaurante, Comida rápida, Pizzería</span>"
Taller de hamburguesas,Rionegro,Antioquia,Colombia,"<span class=""grey""> / Restaurante, Comida rápida</span>"
el porton llanero,Rionegro,Antioquia,Colombia,"<span class=""grey""> / Restaurante, Parrilla, Barbacoa</span>"
El Corral,Rionegro,Antioquia,Colombia,"<span class=""grey""> / Comida rápida, Restaurante</span>"
Las Mil Llanogrande,Rionegro,Antioquia,Colombia,"<span class=""grey""> / Restaurante, Pub y bar</span>"
Bar El Rodeo,Rionegro,Antioquia,Colombia,"<span class=""grey""> / Pub y bar, Restaurante</span>"
Roller Burguer Gourmet,Rionegro,Antioquia,Colombia,"<span class=""grey""> / Barbacoa, Restaurante</span>"
restaurante orzo,Rionegro,Antioquia,Colombia,"<span class=""grey""> / Restaurante</span>"
Restaurante Mondongos,Rionegro,Antioquia,Colombia,"<span class=""grey""> / Restaurante</span>"
CALICHEPAN,Rionegro,Antioquia,Colombia,"<span class=""grey""> / Café, Coffee houses</span>"
Flamas parrilla bar,Rionegro,Antioquia,Colombia,"<span class=""grey""> / Restaurante, Parrilla, Pub y bar</span>"
Parrilla bar El Tablón,Rionegro,Antioquia,Colombia,"<span class=""grey""> / Restaurante, Pub y bar, Barbacoa, Parrilla</span>"
Restaurante Bar santa Pieta,Rionegro,Antioquia,Colombia,"<span class=""grey""> / Pub y bar, Restaurante</span>"
Frisby Reserva Plaza,Rionegro,Antioquia,Colombia,"<span class=""grey""> / Restaurante</span>"
Brasa y Leña,Rionegro,Antioquia,Colombia,"<span class=""grey""> / Restaurante</span>"
La Parrilla Del Chef,Rionegro,Antioquia,Colombia,"<span class=""grey""> / Restaurante, Parrilla</span>"
Burger King,Rionegro,Antioquia,Colombia,"<span class=""grey""> / Restaurante</span>"
Rancho Hildebrando,Rionegro,Antioquia,Colombia,"<span class=""grey""> / Café, Restaurante, Pub y bar, Barbacoa</span>"
Restaurante Kioskos,Rionegro,Antioquia,Colombia,"<span class=""grey""> / Restaurante</span>"
Fuego Sagrado,Rionegro,Antioquia,Colombia,"<span class=""grey""> / Comida rápida, Restaurante</span>"
Sabor & Arte Al Carbón,Rionegro,Antioquia,Colombia,"<span class=""grey""> / Pizzería, Restaurante</span>"
El Palacio de los Frijoles,Rionegro,Antioquia,Colombia,"<span class=""grey""> / Restaurante</span>"
BEEF PARRILLA SAN ANTONIO,Rionegro,Antioquia,Colombia,"<span class=""grey""> / Restaurante, Parrilla</span>"
Tucan Cafe,Rionegro,Antioquia,Colombia,"<span class=""grey""> / Comida rápida, Café, Restaurante</span>"
Mall la contenta,Rionegro,Antioquia,Colombia,"<span class=""grey""> / Restaurante</span>"
Minimercado El Llanito,Rionegro,Antioquia,Colombia,"<span class=""grey""> / Restaurante</span>"
Pisco y Marisco,Rionegro,Antioquia,Colombia,"<span class=""grey""> / Marisco, Restaurante</span>"
La Colonia Galeria Gastronomica,Rionegro,Antioquia,Colombia,"<span class=""grey""> / Restaurante</span>"
Brac Food & Wine,Rionegro,Antioquia,Colombia,"<span class=""grey""> / Pub y bar, Restaurante, Barbacoa</span>"
The Fries Expertos En Papas,Rionegro,Antioquia,Colombia,"<span class=""grey""> / Restaurante</span>"
Restaurante La Panera,Rionegro,Antioquia,Colombia,"<span class=""grey""> / Restaurante</span>"
El Coyote,Rionegro,Antioquia,Colombia,"<span class=""grey""> / Restaurante</span>"
Donde Martha Comidas Rapidas,Rionegro,Antioquia,Colombia,"<span class=""grey""> / Restaurante</span>"
Subway,Rionegro,Antioquia,Colombia,"<span class=""grey""> / Marisco, Comida rápida</span>"
Mar y Fuego Restaurante - Bar,Rionegro,Antioquia,Colombia,"<span class=""grey""> / Pub y bar, Restaurante</span>"
Hamburguesas Rionegro | Qsollados,Rionegro,Antioquia,Colombia,"<span class=""grey""> / Comida rápida, Restaurante</span>"
La Pizarra Gourmet “Bar & Grill”,Rionegro,Antioquia,Colombia,"<span class=""grey""> / Barbacoa, Pub y bar, Restaurante</span>"
Rollings Deluxe,Rionegro,Antioquia,Colombia,"<span class=""grey""> / Comida rápida, Restaurante</span>"
Comidas Rápidas El Cucho,Rionegro,Antioquia,Colombia,"<span class=""grey""> / Restaurante</span>"
Veggiverso,Rionegro,Antioquia,Colombia,"<span class=""grey""> / Restaurante, Vegetarianos</span>"
Haré Pa' Tu Gusto,Rionegro,Antioquia,Colombia,"<span class=""grey""> / Restaurante</span>"
El rancho de Juanda,Rionegro,Antioquia,Colombia,"<span class=""grey""> / Restaurante</span>"
Helga Pizzeria & La Terraza Bar - La Ceja,Rionegro,Antioquia,Colombia,"<span class=""grey""> / Pub y bar, Pizzería, Restaurante</span>"
Sr PIG,Rionegro,Antioquia,Colombia,"<span class=""grey""> / Comida rápida, Restaurante</span>"
NUNKI WINGS,Rionegro,Antioquia,Colombia,"<span class=""grey""> / Comida rápida, Restaurante</span>"
Asados Doña Rosa,Rionegro,Antioquia,Colombia,"<span class=""grey""> / Restaurante, Barbacoa</span>"
Fonda La Mariana,Rionegro,Antioquia,Colombia,"<span class=""grey""> / Restaurante</span>"
Asadero Rapi Pollo,Rionegro,Antioquia,Colombia,"<span class=""grey""> / Comida rápida, Restaurante</span>"
Simon Panadero,Rionegro,Antioquia,Colombia,"<span class=""grey""> / Restaurante</span>"
Cafeteria y restaurante Coffee Break,Rionegro,Antioquia,Colombia,"<span class=""grey""> / Coffee houses, Restaurante, Cafetería</span>"
Pataconia,Rionegro,Antioquia,Colombia,"<span class=""grey""> / Restaurante</span>"
Beijing Yue Yuan,Rionegro,Antioquia,Colombia,"<span class=""grey""> / China</span>"
Banquetes La Porteñita,Rionegro,Antioquia,Colombia,"<span class=""grey""> / Restaurante</span>"
BEEF PARRILLA PORVENIR,Rionegro,Antioquia,Colombia,"<span class=""grey""> / Restaurante, Parrilla</span>"
Hel'arte Helados Fritos,Rionegro,Antioquia,Colombia,"<span class=""grey""> / Restaurante</span>"
Winpies,Rionegro,Antioquia,Colombia,"<span class=""grey""> / Pizzería, Restaurante</span>"
Relax Wings,Rionegro,Antioquia,Colombia,"<span class=""grey""> / Comida rápida, Restaurante, Pub y bar</span>"
Barcelona,Rionegro,Antioquia,Colombia,"<span class=""grey""> / Pub y bar, Restaurante</span>"
Finca hotel zona 7,Rionegro,Antioquia,Colombia,"<span class=""grey""> / Restaurante, Comida rápida, Cafetería, Coffee houses</span>"
Crokan Pollo,Rionegro,Antioquia,Colombia,"<span class=""grey""> / Restaurante</span>"
Randys Sports Bar & Grill,Rionegro,Antioquia,Colombia,"<span class=""grey""> / Barbacoa, Pub y bar, Restaurante</span>"
Mundo Verde,Rionegro,Antioquia,Colombia,"<span class=""grey""> / Restaurante</span>"
La Villa,Rionegro,Antioquia,Colombia,"<span class=""grey""> / Pub y bar, Restaurante, Comida rápida</span>"
Líbano Pizza,Rionegro,Antioquia,Colombia,"<span class=""grey""> / Pizzería, Restaurante, Comida rápida</span>"
La Abuela Nita,Rionegro,Antioquia,Colombia,"<span class=""grey""> / Restaurante</span>"
"Pizza, Rush Pizzería, Domicilios, Rionegro",Rionegro,Antioquia,Colombia,"<span class=""grey""> / Comida rápida, Restaurante, Pizzería</span>"
Olé,Rionegro,Antioquia,Colombia,"<span class=""grey""> / Restaurante</span>"
Coma Y Vuelva,Rionegro,Antioquia,Colombia,"<span class=""grey""> / Barbacoa, Restaurante</span>"
Marinero´s Restaurant,Rionegro,Antioquia,Colombia,"<span class=""grey""> / Restaurante</span>"
Supermercado Pepe Tiendas,Rionegro,Antioquia,Colombia,"<span class=""grey""> / Restaurante</span>"
Candilejas Llanogrande,Rionegro,Antioquia,Colombia,"<span class=""grey""> / Restaurante</span>"
El Rancho De Juanda Porvenir,Rionegro,Antioquia,Colombia,"<span class=""grey""> / Restaurante</span>"
El Punto Del Tamal,Rionegro,Antioquia,Colombia,"<span class=""grey""> / Restaurante</span>"
Ricuras Rionegro,Rionegro,Antioquia,Colombia,"<span class=""grey""> / Comida rápida, Restaurante</span>"
Angus Azul,Rionegro,Antioquia,Colombia,"<span class=""grey""> / Restaurante</span>"
La Lechona De Juanpis,Rionegro,Antioquia,Colombia,"<span class=""grey""> / Restaurante</span>"
Rancho Paisa,Rionegro,Antioquia,Colombia,"<span class=""grey""> / Restaurante</span>"
BONA FESTA Eventos,Rionegro,Antioquia,Colombia,"<span class=""grey""> / Restaurante</span>"
Estadero y tienda LA ESPERANZA,Rionegro,Antioquia,Colombia,"<span class=""grey""> / Restaurante</span>"
Licorería Licoriente La 70,Rionegro,Antioquia,Colombia,"<span class=""grey""> / Restaurante</span>"
Vamos Donde Oliva,Rionegro,Antioquia,Colombia,"<span class=""grey""> / Comida rápida, Restaurante, Cafetería</span>"
Ferretería Entel Ingenieros,Rionegro,Antioquia,Colombia,"<span class=""grey""> / Restaurante</span>"
Mercado La Manuelita,Rionegro,Antioquia,Colombia,"<span class=""grey""> / Restaurante</span>"
Angus Azul,Rionegro,Antioquia,Colombia,"<span class=""grey""> / Restaurante</span>"
RESTAURANTE RAPIPOLLO,Rionegro,Antioquia,Colombia,"<span class=""grey""> / Pub y bar, Restaurante</span>"
Finca Villaura,Rionegro,Antioquia,Colombia,"<span class=""grey""> / Restaurante</span>"
RESTAURANTE BAR NOA NOA,Rionegro,Antioquia,Colombia,"<span class=""grey""> / Pub y bar, Restaurante</span>"
Pizzería la Malagueña,Rionegro,Antioquia,Colombia,"<span class=""grey""> / Pizzería, Restaurante, Italiana</span>"
LUCIANA,Rionegro,Antioquia,Colombia,"<span class=""grey""> / Restaurante</span>"
Comidas El Caleñito,Rionegro,Antioquia,Colombia,"<span class=""grey""> / Comida rápida, Restaurante</span>"
Comidas Rápidas Deli Provocación,Rionegro,Antioquia,Colombia,"<span class=""grey""> / Comida rápida, Restaurante</span>"
Kokoriko,Rionegro,Antioquia,Colombia,"<span class=""grey""> / Comida rápida, Restaurante</span>"
Quesudos Qbrutales Rionegro,Rionegro,Antioquia,Colombia,"<span class=""grey""> / Restaurante</span>"
Supermercado Don Santa,Rionegro,Antioquia,Colombia,"<span class=""grey""> / Restaurante</span>"
Ole Restaurante Español,Rionegro,Antioquia,Colombia,"<span class=""grey""> / Restaurante, Pub y bar</span>"
GOLDEN BURGUER - COMIDAS RAPIDAS / MALL - LAS DELICIAS -/ SECTOR HELICOPTERO.,Rionegro,Antioquia,Colombia,"<span class=""grey""> / Restaurante, Comida rápida</span>"
Krazzy Empanada,Rionegro,Antioquia,Colombia,"<span class=""grey""> / Comida rápida, Restaurante</span>"
Restaurante El Encanto,Rionegro,Antioquia,Colombia,"<span class=""grey""> / Restaurante</span>"
Comidas Rápidas LOS PITUFOS,Rionegro,Antioquia,Colombia,"<span class=""grey""> / Restaurante</span>"
Gualanday,Rionegro,Antioquia,Colombia,"<span class=""grey""> / Restaurante</span>"
Rancho Llanogrande,Rionegro,Antioquia,Colombia,"<span class=""grey""> / Restaurante, Barbacoa</span>"
Pollos Asados Mario,Rionegro,Antioquia,Colombia,"<span class=""grey""> / Restaurante, Comida rápida</span>"
Restaurant Arroz Paisa,Rionegro,Antioquia,Colombia,"<span class=""grey""> / Restaurante</span>"
Pollos Mario,Rionegro,Antioquia,Colombia,"<span class=""grey""> / Restaurante</span>"
La Champagneria,Rionegro,Antioquia,Colombia,"<span class=""grey""> / Restaurante, Pub y bar</span>"
Asados El Blason,Rionegro,Antioquia,Colombia,"<span class=""grey""> / Restaurante, Barbacoa</span>"
Pizzas Del Bosque,Rionegro,Antioquia,Colombia,"<span class=""grey""> / Pizzería, Restaurante</span>"
FIREHOUSE,Rionegro,Antioquia,Colombia,"<span class=""grey""> / Restaurante</span>"
Mar Y Fruta Mariscos,Rionegro,Antioquia,Colombia,"<span class=""grey""> / Marisco, Restaurante</span>"
Asados Bar Discoteca El Potrero,Rionegro,Antioquia,Colombia,"<span class=""grey""> / Club, Pub y bar, Comida rápida, Restaurante</span>"
Fonda La Gotera,Rionegro,Antioquia,Colombia,"<span class=""grey""> / Restaurante, Barbacoa</span>"
Restaurante Picnic Pancho Villa Sancochos Y Asados 4G,Rionegro,Antioquia,Colombia,"<span class=""grey""> / Restaurante</span>"
Restaurante Ahi Picante,Rionegro,Antioquia,Colombia,"<span class=""grey""> / Restaurante</span>"
La Bagatelle Llanogrande,Rionegro,Antioquia,Colombia,"<span class=""grey""> / Restaurante</span>"
Distribuidora de Lácteos Betania,Rionegro,Antioquia,Colombia,"<span class=""grey""> / Restaurante</span>"
Q2 más que queso Rionegro (El Porvenir),Rionegro,Antioquia,Colombia,"<span class=""grey""> / Restaurante</span>"
Burger King Aeropuerto JMC,Rionegro,Antioquia,Colombia,"<span class=""grey""> / Comida rápida, Restaurante</span>"
Restaurante Riky Pollo,Rionegro,Antioquia,Colombia,"<span class=""grey""> / Comida rápida, Restaurante</span>"
Comidas Rápidas Charkumax,Rionegro,Antioquia,Colombia,"<span class=""grey""> / Comida rápida, Restaurante</span>"
CUATRO GRADOS,Rionegro,Antioquia,Colombia,"<span class=""grey""> / Comida rápida, Restaurante, Pub y bar</span>"
Pollo Express,Rionegro,Antioquia,Colombia,"<span class=""grey""> / Restaurante</span>"
The Grill Station Burger,Rionegro,Antioquia,Colombia,"<span class=""grey""> / Barbacoa, Restaurante</span>"
Q2 más que queso Rionegro (Santa Ana),Rionegro,Antioquia,Colombia,"<span class=""grey""> / Comida rápida, Restaurante</span>"
Pizzas Piccolo,Rionegro,Antioquia,Colombia,"<span class=""grey""> / Restaurante, Pizzería</span>"
Tienda El Parche,Rionegro,Antioquia,Colombia,"<span class=""grey""> / Restaurante</span>"
Restaurante Ay Mara,Rionegro,Antioquia,Colombia,"<span class=""grey""> / Comida rápida, Restaurante</span>"
Restaurante chaoyang chino,Rionegro,Antioquia,Colombia,"<span class=""grey""> / Restaurante</span>"
Salsamentaria Belchite,Rionegro,Antioquia,Colombia,"<span class=""grey""> / Restaurante</span>"
Comidas Rápidas Alguitos,Rionegro,Antioquia,Colombia,"<span class=""grey""> / Comida rápida, Restaurante</span>"
Hamburguesas Y Comidas Carro Loco,Rionegro,Antioquia,Colombia,"<span class=""grey""> / Comida rápida, Restaurante</span>"
Restaurante Casa China,Rionegro,Antioquia,Colombia,"<span class=""grey""> / China, Restaurante</span>"
J&C Delicias,Rionegro,Antioquia,Colombia,"<span class=""grey""> / Restaurante</span>"
EL CHATO ORIGINAL,Rionegro,Antioquia,Colombia,"<span class=""grey""> / Restaurante, Comida rápida</span>"
Granero Candilejas,Rionegro,Antioquia,Colombia,"<span class=""grey""> / Restaurante</span>"
San Alitas Ribs & Wings,Rionegro,Antioquia,Colombia,"<span class=""grey""> / Comida rápida, Restaurante</span>"
Viena,Rionegro,Antioquia,Colombia,"<span class=""grey""> / Café, Coffee houses, Barbacoa, Restaurante</span>"
Casa China,Rionegro,Antioquia,Colombia,"<span class=""grey""> / Restaurante, China</span>"
Pisco y Marisco,Rionegro,Antioquia,Colombia,"<span class=""grey""> / Marisco, Restaurante</span>"
Gaira Cafe,Rionegro,Antioquia,Colombia,"<span class=""grey""> / Café, Restaurante</span>"
BELLA PASTA El Italiano,Rionegro,Antioquia,Colombia,"<span class=""grey""> / Restaurante, Italiana</span>"
kokoriko,Rionegro,Antioquia,Colombia,"<span class=""grey""> / Restaurante</span>"
Viena Buffet Restaurant,Rionegro,Antioquia,Colombia,"<span class=""grey""> / Cafetería, Restaurante</span>"
Comidas Rápidas Ricuras de La Pola,Rionegro,Antioquia,Colombia,"<span class=""grey""> / Comida rápida, Restaurante</span>"
Dogger,Rionegro,Antioquia,Colombia,"<span class=""grey""> / Restaurante</span>"
Mingo's Catering 3108484850,Rionegro,Antioquia,Colombia,"<span class=""grey""> / Restaurante</span>"
So Happy,Rionegro,Antioquia,Colombia,"<span class=""grey""> / Restaurante</span>"
Go and enjoy sushi - Reserva Plaza,Rionegro,Antioquia,Colombia,"<span class=""grey""> / Sushi, Restaurante</span>"
Guys Burger Joint,Rionegro,Antioquia,Colombia,"<span class=""grey""> / Restaurante</span>"
Pizza De Oriente,Rionegro,Antioquia,Colombia,"<span class=""grey""> / Pizzería, Restaurante</span>"
Las delicias de cachetes,Rionegro,Antioquia,Colombia,"<span class=""grey""> / Restaurante, Comida rápida</span>"
Makalu Pizza y Cafe,Rionegro,Antioquia,Colombia,"<span class=""grey""> / Pizzería, Restaurante, Café</span>"
Palau,Rionegro,Antioquia,Colombia,"<span class=""grey""> / Pub y bar, Barbacoa</span>"
Lola Vinola - life&food,Rionegro,Antioquia,Colombia,"<span class=""grey""> / Restaurante, Pub y bar</span>"
Taco Rico,Rionegro,Antioquia,Colombia,"<span class=""grey""> / Mexicana, Restaurante, Comida rápida</span>"
Duques pizzeria,Rionegro,Antioquia,Colombia,"<span class=""grey""> / Pizzería, Restaurante</span>"
Paradisíaca Patacones Gourmet,Rionegro,Antioquia,Colombia,"<span class=""grey""> / Restaurante</span>"
PERU MIX San Nicolás,Rionegro,Antioquia,Colombia,"<span class=""grey""> / Barbacoa</span>"
Rapidos y jugosos,Rionegro,Antioquia,Colombia,"<span class=""grey""> / Restaurante, Comida rápida</span>"
Bariguaná,Rionegro,Antioquia,Colombia,"<span class=""grey""> / Restaurante, Barbacoa, Pub y bar</span>"
FUSIÓN Café Restaurante,Rionegro,Antioquia,Colombia,"<span class=""grey""> / Restaurante, Café</span>"
Circuit Bar,Rionegro,Antioquia,Colombia,"<span class=""grey""> / Pub y bar, Restaurante</span>"
Restaurante Donde Julio Carnes Mar y Vinos,Rionegro,Antioquia,Colombia,"<span class=""grey""> / Restaurante, Barbacoa, Pub y bar</span>"
Chorizos Santarrosanos CHORY,Rionegro,Antioquia,Colombia,"<span class=""grey""> / Restaurante, Comida rápida, Barbacoa</span>"
Viva Mexico,Rionegro,Antioquia,Colombia,"<span class=""grey""> / Mexicana, Restaurante</span>"
La Martina Alitas Y Costillas,Rionegro,Antioquia,Colombia,"<span class=""grey""> / Restaurante, Comida rápida</span>"
Restaurante Amor a la Carta,Rionegro,Antioquia,Colombia,"<span class=""grey""> / Restaurante</span>"
Comidas Chaplin Sa,Rionegro,Antioquia,Colombia,"<span class=""grey""> / Restaurante, Comida rápida</span>"
Restaurante Orzo,Rionegro,Antioquia,Colombia,"<span class=""grey""> / Marisco, Restaurante</span>"
"RioPizza ""home delivery""",Rionegro,Antioquia,Colombia,"<span class=""grey""> / Pizzería, Restaurante, Comida rápida</span>"
Restaurante la comelona,Rionegro,Antioquia,Colombia,"<span class=""grey""> / Restaurante</span>"
El Tablon,Rionegro,Antioquia,Colombia,"<span class=""grey""> / Restaurante</span>"
J&N Burger,Rionegro,Antioquia,Colombia,"<span class=""grey""> / Restaurante</span>"
La badea,Rionegro,Antioquia,Colombia,"<span class=""grey""> / Restaurante</span>"
Gurban,Rionegro,Antioquia,Colombia,"<span class=""grey""> / Restaurante</span>"
Piketeando,Rionegro,Antioquia,Colombia,"<span class=""grey""> / Restaurante, Comida rápida</span>"
Don Gatto pizzería arte bar,Rionegro,Antioquia,Colombia,"<span class=""grey""> / Pizzería, Pub y bar, Restaurante</span>"
Bon Appetit Gourmet,Rionegro,Antioquia,Colombia,"<span class=""grey""> / Restaurante</span>"
Chorizos llaneros del Oriente,Rionegro,Antioquia,Colombia,"<span class=""grey""> / Restaurante, Comida rápida</span>"
Mi Llano del Alma,Rionegro,Antioquia,Colombia,"<span class=""grey""> / Restaurante, Pub y bar</span>"
Tierra Viva - Natural y Orgánico. Restaurante.,Rionegro,Antioquia,Colombia,"<span class=""grey""> / Restaurante</span>"
La fondita aquella,Rionegro,Antioquia,Colombia,"<span class=""grey""> / Restaurante, Barbacoa, Pub y bar</span>"
Bistro Paisa,Rionegro,Antioquia,Colombia,"<span class=""grey""> / Comida rápida</span>"
El Merendero,Rionegro,Antioquia,Colombia,"<span class=""grey""> / Restaurante</span>"
Luis Pasta y Pizza Restaurante,Rionegro,Antioquia,Colombia,"<span class=""grey""> / Pizzería, Restaurante</span>"
Cocina De Dalila Parrilla Bar,Rionegro,Antioquia,Colombia,"<span class=""grey""> / Pub y bar, Restaurante, Parrilla</span>"
El Cartel De Las Empanadas,Rionegro,Antioquia,Colombia,"<span class=""grey""> / Restaurante</span>"
Bella Pasta - Llanogrande,Rionegro,Antioquia,Colombia,"<span class=""grey""> / Restaurante, Italiana</span>"
Pepitos,Rionegro,Antioquia,Colombia,"<span class=""grey""> / Restaurante</span>"
Anitahumados,Rionegro,Antioquia,Colombia,"<span class=""grey""> / Restaurante</span>"
Del Anca Rodizio Parrilla Bar,Rionegro,Antioquia,Colombia,"<span class=""grey""> / Restaurante, Parrilla, Pub y bar</span>"
Restaurante La Fortaleza,Rionegro,Antioquia,Colombia,"<span class=""grey""> / Restaurante, Café</span>"
Mirador Nuquí,Rionegro,Antioquia,Colombia,"<span class=""grey""> / Marisco, Restaurante, Pub y bar</span>"
Restaurante y Parrilla Dora,Rionegro,Antioquia,Colombia,"<span class=""grey""> / Restaurante, Parrilla</span>"
Charcutería Jn,Rionegro,Antioquia,Colombia,"<span class=""grey""> / Restaurante</span>"
Qsollados,Rionegro,Antioquia,Colombia,"<span class=""grey""> / Restaurante</span>"
Malibú,Rionegro,Antioquia,Colombia,"<span class=""grey""> / Restaurante</span>"
Latín sushi,Rionegro,Antioquia,Colombia,"<span class=""grey""> / Sushi, Restaurante, China</span>"
Kokoriko Aeropuerto Rionegro,Rionegro,Antioquia,Colombia,"<span class=""grey""> / Restaurante</span>"
Pizza Express el porvenir,Rionegro,Antioquia,Colombia,"<span class=""grey""> / Pizzería</span>"
Pappas express,Rionegro,Antioquia,Colombia,"<span class=""grey""> / Restaurante, Comida rápida</span>"
Zona 46 Fast Food,Rionegro,Antioquia,Colombia,"<span class=""grey""> / Restaurante, Comida rápida</span>"
Mister Arepa,Rionegro,Antioquia,Colombia,"<span class=""grey""> / Restaurante, Comida rápida</span>"
Loro's PIZZA,Rionegro,Antioquia,Colombia,"<span class=""grey""> / Pizzería, Restaurante, Comida rápida</span>"
Naturals,Rionegro,Antioquia,Colombia,"<span class=""grey""> / Restaurante, Barbacoa, Comida rápida, Pub y bar</span>"
chippers_gourmet,Rionegro,Antioquia,Colombia,"<span class=""grey""> / Restaurante, Comida rápida</span>"
Café Guadalupe,Rionegro,Antioquia,Colombia,"<span class=""grey""> / Restaurante, Coffee houses, Vegetarianos, Café, Pub y bar</span>"
Salvajadas de mi tierra,Rionegro,Antioquia,Colombia,"<span class=""grey""> / Restaurante</span>"
Licorería La María,Rionegro,Antioquia,Colombia,"<span class=""grey""> / Restaurante</span>"
Comidas Rápidas Sabor Caleño,Rionegro,Antioquia,Colombia,"<span class=""grey""> / Restaurante, Comida rápida</span>"
Asadero Rapi Pollo,Rionegro,Antioquia,Colombia,"<span class=""grey""> / Restaurante, Comida rápida</span>"
Empanadas Rosita,Rionegro,Antioquia,Colombia,"<span class=""grey""> / Restaurante, Comida rápida</span>"
Restaurante La Fortuna,Rionegro,Antioquia,Colombia,"<span class=""grey""> / Restaurante, Comida rápida</span>"
Piqueteadero Oriental,Rionegro,Antioquia,Colombia,"<span class=""grey""> / Restaurante, Comida rápida</span>"
Calanchos Dog Rionegro,Rionegro,Antioquia,Colombia,"<span class=""grey""> / Restaurante, Comida rápida</span>"
"Coma en Joes , Comida Típica Venezolana",Rionegro,Antioquia,Colombia,"<span class=""grey""> / Restaurante, Comida rápida</span>"
Paninos Sandwich & Cazuela,Rionegro,Antioquia,Colombia,"<span class=""grey""> / Restaurante</span>"
Asados El Chato,Rionegro,Antioquia,Colombia,"<span class=""grey""> / Restaurante, Comida rápida</span>"
Comidas Rapidas El Llanito,Rionegro,Antioquia,Colombia,"<span class=""grey""> / Restaurante</span>"
Andito’s BBQ,Rionegro,Antioquia,Colombia,"<span class=""grey""> / Marisco, Barbacoa, Restaurante</span>"
El Potero Estadero Bar,Rionegro,Antioquia,Colombia,"<span class=""grey""> / Pub y bar, Barbacoa</span>"
Arepas Alzarate,Rionegro,Antioquia,Colombia,"<span class=""grey""> / Restaurante, Comida rápida</span>"
Licores Oriente,Rionegro,Antioquia,Colombia,"<span class=""grey""> / Restaurante, Pub y bar, Barbacoa</span>"
Santorini - Pizzeria Bar Llanogrande,Rionegro,Antioquia,Colombia,"<span class=""grey""> / Italiana</span>"
Mas pizza Express,Rionegro,Antioquia,Colombia,"<span class=""grey""> / Pizzería, Restaurante, Italiana</span>"
The Fries,Rionegro,Antioquia,Colombia,"<span class=""grey""> / Mexicana, Restaurante, Comida rápida</span>"
Asados Y Parrilla La Cabana,Rionegro,Antioquia,Colombia,"<span class=""grey""> / Restaurante, Parrilla</span>"
heladeria la mansarda,Rionegro,Antioquia,Colombia,"<span class=""grey""> / Café</span>"
Mendell,Rionegro,Antioquia,Colombia,"<span class=""grey""> / Vegetarianos, Restaurante</span>"
Don Gatto,Rionegro,Antioquia,Colombia,"<span class=""grey""> / Pizzería, Restaurante, Comida rápida</span>"
Presto,Rionegro,Antioquia,Colombia,"<span class=""grey""> / Restaurante</span>"
Bar Centro Rionegro,Rionegro,Antioquia,Colombia,"<span class=""grey""> / Pub y bar, Restaurante</span>"
Licorería Edival,Rionegro,Antioquia,Colombia,"<span class=""grey""> / Restaurante</span>"
Granero La Campanita,Rionegro,Antioquia,Colombia,"<span class=""grey""> / Restaurante</span>"
Restaurante San Remo,Rionegro,Antioquia,Colombia,"<span class=""grey""> / Restaurante</span>"
Supermercado Distrijara,Rionegro,Antioquia,Colombia,"<span class=""grey""> / Restaurante</span>"
Lubiexpress,Rionegro,Antioquia,Colombia,"<span class=""grey""> / Pizzería, Restaurante</span>"
Papagayo Restaurante,Rionegro,Antioquia,Colombia,"<span class=""grey""> / Restaurante</span>"
Brosty combos,Rionegro,Antioquia,Colombia,"<span class=""grey""> / Restaurante</span>"
"PESCAMOR Pescados, mariscos y carnes",Rionegro,Antioquia,Colombia,"<span class=""grey""> / Restaurante</span>"
Arepas De Queso LOS PITUFOS,Rionegro,Antioquia,Colombia,"<span class=""grey""> / Restaurante</span>"
Al Mar y algo mas,Rionegro,Antioquia,Colombia,"<span class=""grey""> / Restaurante</span>"
Tu antojo del sabor venezolano,Rionegro,Antioquia,Colombia,"<span class=""grey""> / Restaurante</span>"
Tribal Park Llanogrande,Rionegro,Antioquia,Colombia,"<span class=""grey""> / Restaurante</span>"
RAMÉ Resto & Coffee,Rionegro,Antioquia,Colombia,"<span class=""grey""> / Coffee houses, Restaurante, Café</span>"
La Paella de Pedro Palmer,Rionegro,Antioquia,Colombia,"<span class=""grey""> / Restaurante</span>"
Carpanta Food,Rionegro,Antioquia,Colombia,"<span class=""grey""> / Restaurante</span>"
Comida Rápidas ricuras rionegro,Rionegro,Antioquia,Colombia,"<span class=""grey""> / Restaurante</span>"
Discoteca Asados Fonda La Gotera,Rionegro,Antioquia,Colombia,"<span class=""grey""> / Club, Restaurante, Comida rápida</span>"
Don de Queso,Rionegro,Antioquia,Colombia,"<span class=""grey""> / Coffee houses, Restaurante, Café</span>"
Comidas Rápidas La Fogata,Rionegro,Antioquia,Colombia,"<span class=""grey""> / Restaurante, Comida rápida</span>"
Empanadas Doña Juana,Rionegro,Antioquia,Colombia,"<span class=""grey""> / Restaurante, Comida rápida</span>"
La Paisita Empanadas Y Arepas,Rionegro,Antioquia,Colombia,"<span class=""grey""> / Restaurante, Comida rápida</span>"
A la Parrilla,Rionegro,Antioquia,Colombia,"<span class=""grey""> / Barbacoa, Restaurante, Parrilla</span>"
Restaurante El Buen Gusto,Rionegro,Antioquia,Colombia,"<span class=""grey""> / Restaurante</span>"
Restaurante Rancho LLanogrande,Rionegro,Antioquia,Colombia,"<span class=""grey""> / Restaurante</span>"
"La Mega, Comidas & Bebidas.",Rionegro,Antioquia,Colombia,"<span class=""grey""> / Restaurante</span>"
Donde Chulo,Rionegro,Antioquia,Colombia,"<span class=""grey""> / Restaurante</span>"
Taco mex,Rionegro,Antioquia,Colombia,"<span class=""grey""> / Restaurante</span>"
Restaurante el Rancho del Gordo,Rionegro,Antioquia,Colombia,"<span class=""grey""> / Restaurante</span>"
"Asados ""A 3 Cu4rtos""",Rionegro,Antioquia,Colombia,"<span class=""grey""> / Restaurante</span>"
Bar La Bomba,Rionegro,Antioquia,Colombia,"<span class=""grey""> / Pub y bar</span>"
Restaurante El Campesino,Rionegro,Antioquia,Colombia,"<span class=""grey""> / Restaurante</span>"
Bar Búfalo,Rionegro,Antioquia,Colombia,"<span class=""grey""> / Pub y bar, Restaurante</span>"
Restaurante La Dama Juana,Rionegro,Antioquia,Colombia,"<span class=""grey""> / Restaurante</span>"
La Cocina de Dulcinea,Rionegro,Antioquia,Colombia,"<span class=""grey""> / Restaurante, Pub y bar, Barbacoa</span>"
Restaurante Sazón Al Toque,Rionegro,Antioquia,Colombia,"<span class=""grey""> / Restaurante</span>"
Restaurante Dary,Rionegro,Antioquia,Colombia,"<span class=""grey""> / Restaurante</span>"
Cafetería Restaurante los Tráiler,Rionegro,Antioquia,Colombia,"<span class=""grey""> / Restaurante</span>"
Derek panadería artesanal,Rionegro,Antioquia,Colombia,"<span class=""grey""> / Restaurante</span>"
Dondechepaparillabar,Rionegro,Antioquia,Colombia,"<span class=""grey""> / Restaurante</span>"
Santa Leña - Jardines de Llanogrande,Rionegro,Antioquia,Colombia,"<span class=""grey""> / Restaurante</span>"
Alitas Rellenas de San Antonio,Rionegro,Antioquia,Colombia,"<span class=""grey""> / Barbacoa, Restaurante</span>"
Pizzas J&G Llanogrande,Rionegro,Antioquia,Colombia,"<span class=""grey""> / Pizzería, Restaurante</span>"
Di llanos Pizzería Rionegro,Rionegro,Antioquia,Colombia,"<span class=""grey""> / Pizzería, Restaurante</span>"
Donde Rubi Rionegro,Rionegro,Antioquia,Colombia,"<span class=""grey""> / Restaurante</span>"
restaurante-parrilla Delight steak house,Rionegro,Antioquia,Colombia,"<span class=""grey""> / Restaurante, Parrilla</span>"
"Panaderia Y Comidas Rapidas LA ""47""",Rionegro,Antioquia,Colombia,"<span class=""grey""> / Restaurante</span>"
BRASAS DE COLOMBIA,Rionegro,Antioquia,Colombia,"<span class=""grey""> / Restaurante</span>"
Restaurante La Macarena,Rionegro,Antioquia,Colombia,"<span class=""grey""> / Restaurante</span>"
El blasón granja,Rionegro,Antioquia,Colombia,"<span class=""grey""> / Restaurante</span>"
Fonda Los Tejados,Rionegro,Antioquia,Colombia,"<span class=""grey""> / Restaurante</span>"
Restaurante El Bohío,Rionegro,Antioquia,Colombia,"<span class=""grey""> / Restaurante, Comida rápida</span>"
Comidas Rápidas Punto Como,Rionegro,Antioquia,Colombia,"<span class=""grey""> / Restaurante, Comida rápida</span>"
Heladería y frutería [Tommy Frozen Yogurt] Domicilios en Rionegro,Rionegro,Antioquia,Colombia,"<span class=""grey""> / Cafetería, Postres</span>"
"Hamburguesería y Restaurante ""El Paisa""",Rionegro,Antioquia,Colombia,"<span class=""grey""> / Restaurante</span>"
Emisora Paz de Selva Verde,Rionegro,Antioquia,Colombia,"<span class=""grey""> / Restaurante</span>"
TUCO GOL,Rionegro,Antioquia,Colombia,"<span class=""grey""> / Restaurante</span>"
Picante y Guacamole,Rionegro,Antioquia,Colombia,"<span class=""grey""> / Restaurante</span>"
Q'Delicia,Rionegro,Antioquia,Colombia,"<span class=""grey""> / Restaurante</span>"
Asados San Lorenzo,Rionegro,Antioquia,Colombia,"<span class=""grey""> / Restaurante</span>"
San Paolo,Rionegro,Antioquia,Colombia,"<span class=""grey""> / Restaurante</span>"
Lala Sabores Alternativos,Rionegro,Antioquia,Colombia,"<span class=""grey""> / Restaurante</span>"
Bar Bartolomé,Rionegro,Antioquia,Colombia,"<span class=""grey""> / Pub y bar, Restaurante</span>"
Bar Las Delicias,Rionegro,Antioquia,Colombia,"<span class=""grey""> / Restaurante, Pub y bar</span>"
Licorera El Barril,Rionegro,Antioquia,Colombia,"<span class=""grey""> / Restaurante, Pub y bar</span>"
Restaurante Paladares,Rionegro,Antioquia,Colombia,"<span class=""grey""> / Restaurante</span>"
Mercado Continental,Rionegro,Antioquia,Colombia,"<span class=""grey""> / Restaurante</span>"
Supermercado El Gran Arriero,Rionegro,Antioquia,Colombia,"<span class=""grey""> / Restaurante</span>"
DÓNDE PACHO SUCURSAL RIONEGRO,Rionegro,Antioquia,Colombia,"<span class=""grey""> / Restaurante, Comida rápida</span>"
La galgueria,Rionegro,Antioquia,Colombia,"<span class=""grey""> / Restaurante, Comida rápida</span>"
Restaurante #3 el Familiar,Rionegro,Antioquia,Colombia,"<span class=""grey""> / Restaurante</span>"
Ginza roll & wok,Rionegro,Antioquia,Colombia,"<span class=""grey""> / Sushi</span>"
Youssef Tastes,Rionegro,Antioquia,Colombia,"<span class=""grey""> / Restaurante</span>"
Comida de Mar y Parrilla,Rionegro,Antioquia,Colombia,"<span class=""grey""> / Restaurante, Parrilla</span>"
KIN SUSHI BAR,Rionegro,Antioquia,Colombia,"<span class=""grey""> / Sushi, Restaurante, Pub y bar</span>"
The royal burger,Rionegro,Antioquia,Colombia,"<span class=""grey""> / Restaurante</span>"
picnic on the train,Rionegro,Antioquia,Colombia,"<span class=""grey""> / Restaurante</span>"
Comidas Rápidas Maxi Pan Y Punto,Rionegro,Antioquia,Colombia,"<span class=""grey""> / Restaurante, Comida rápida</span>"
Restaurante Riko Priko,Rionegro,Antioquia,Colombia,"<span class=""grey""> / Marisco, Restaurante, Comida rápida</span>"
Restaurante Rio Negro,Rionegro,Antioquia,Colombia,"<span class=""grey""> / Restaurante</span>"
Shawarma El Chamo,Rionegro,Antioquia,Colombia,"<span class=""grey""> / Restaurante</span>"
Taberna Punto,Rionegro,Antioquia,Colombia,"<span class=""grey""> / Restaurante</span>"
Taberna Bar Pa' Lo Alto,Rionegro,Antioquia,Colombia,"<span class=""grey""> / Pub y bar, Restaurante</span>"
Compras El Mejor Precio,Rionegro,Antioquia,Colombia,"<span class=""grey""> / Restaurante</span>"
.,Rionegro,Antioquia,Colombia,"<span class=""grey""> / Restaurante, China</span>"
Restaurante - Bar Mis Caprichos,Rionegro,Antioquia,Colombia,"<span class=""grey""> / Pub y bar, Restaurante</span>"
Palmavilla Llanogrande,Rionegro,Antioquia,Colombia,"<span class=""grey""> / Restaurante</span>"
Las Ricuras De La Abuela,Rionegro,Antioquia,Colombia,"<span class=""grey""> / Restaurante</span>"
La Taqueria,Rionegro,Antioquia,Colombia,"<span class=""grey""> / Restaurante</span>"
Pizzería Mansarda,Rionegro,Antioquia,Colombia,"<span class=""grey""> / Pizzería, Restaurante, Comida rápida</span>"
Wings Station,Rionegro,Antioquia,Colombia,"<span class=""grey""> / Restaurante</span>"
The Celler,Rionegro,Antioquia,Colombia,"<span class=""grey""> / Restaurante, Pub y bar</span>"
Licorería Liquor Blue,Rionegro,Antioquia,Colombia,"<span class=""grey""> / Restaurante</span>"
Restaurante La Finca,Rionegro,Antioquia,Colombia,"<span class=""grey""> / Restaurante</span>"
LE'MIAN HandRoll's,Rionegro,Antioquia,Colombia,"<span class=""grey""> / Sushi, Restaurante</span>"
Alan's Pizza,Rionegro,Antioquia,Colombia,"<span class=""grey""> / Pizzería, Restaurante</span>"
Los Totos,Rionegro,Antioquia,Colombia,"<span class=""grey""> / Restaurante, Comida rápida</span>"
El mirador de jimmy,Rionegro,Antioquia,Colombia,"<span class=""grey""> / Restaurante, Comida rápida</span>"
LA HAMBURGUESERÍA ARTESANAL,Rionegro,Antioquia,Colombia,"<span class=""grey""> / Restaurante</span>"
Sushi Market,Rionegro,Antioquia,Colombia,"<span class=""grey""> / Restaurante, Sushi</span>"
Di cappella restaurante italiano,Rionegro,Antioquia,Colombia,"<span class=""grey""> / Restaurante, Italiana</span>"
D'burgers,Rionegro,Antioquia,Colombia,"<span class=""grey""> / Restaurante</span>"
Il Forno Colombia,Rionegro,Antioquia,Colombia,"<span class=""grey""> / Restaurante, Italiana</span>"
Mar y Fuego,Rionegro,Antioquia,Colombia,"<span class=""grey""> / Marisco, Restaurante</span>"
Mezza Pizza,Rionegro,Antioquia,Colombia,"<span class=""grey""> / Pizzería, Restaurante, Comida rápida</span>"
Comida Rápida San Antonio Papitas,Rionegro,Antioquia,Colombia,"<span class=""grey""> / Restaurante, Comida rápida</span>"
Comidas Rápidas Trigo Mar,Rionegro,Antioquia,Colombia,"<span class=""grey""> / Restaurante, Comida rápida</span>"
Brosty Asados,Rionegro,Antioquia,Colombia,"<span class=""grey""> / Restaurante, Comida rápida</span>"
Comidas El Bizcocho,Rionegro,Antioquia,Colombia,"<span class=""grey""> / Restaurante, Comida rápida</span>"
Ópera Pizza,Rionegro,Antioquia,Colombia,"<span class=""grey""> / Pizzería, Restaurante, Comida rápida</span>"
Restaurante San Miguel,Rionegro,Antioquia,Colombia,"<span class=""grey""> / Restaurante, Comida rápida</span>"
Como Caído del Cielo,Rionegro,Antioquia,Colombia,"<span class=""grey""> / Restaurante</span>"
Elidelicias,Rionegro,Antioquia,Colombia,"<span class=""grey""> / Restaurante</span>"
Restaurante Ebano,Rionegro,Antioquia,Colombia,"<span class=""grey""> / Restaurante</span>"
Cafeteria Yrestaurante Laureles,Rionegro,Antioquia,Colombia,"<span class=""grey""> / Restaurante, Cafetería</span>"
Restaurante La Casita de Pola,Rionegro,Antioquia,Colombia,"<span class=""grey""> / Restaurante</span>"
LOS VERDES DE RIONEGRO,Rionegro,Antioquia,Colombia,"<span class=""grey""> / Restaurante</span>"
360 Rio Sabor Restaurante,Rionegro,Antioquia,Colombia,"<span class=""grey""> / Restaurante</span>"
LA TAQUERIA MEXICAN FOOD,Rionegro,Antioquia,Colombia,"<span class=""grey""> / Mexicana, Restaurante</span>"
Santa Leña,Rionegro,Antioquia,Colombia,"<span class=""grey""> / Restaurante</span>"
Restaurante la Ruta,Rionegro,Antioquia,Colombia,"<span class=""grey""> / Restaurante, Comida rápida</span>"
Cuatrimoteando Rionegro,Rionegro,Antioquia,Colombia,"<span class=""grey""> / Restaurante</span>"
La Pizzerìa,Rionegro,Antioquia,Colombia,"<span class=""grey""> / Pizzería, Restaurante</span>"
Restaurante Bar Noa Noa,Rionegro,Antioquia,Colombia,"<span class=""grey""> / Pub y bar, Restaurante</span>"
Restaurante el buen gusto,Rionegro,Antioquia,Colombia,"<span class=""grey""> / Restaurante</span>"
Paninos Llanogrande - Antioquia.,Rionegro,Antioquia,Colombia,"<span class=""grey""> / Marisco, Restaurante</span>"
Mr. Bruno Hot dogs,Rionegro,Antioquia,Colombia,"<span class=""grey""> / Restaurante, Comida rápida</span>"
Las Mil y una noches Llanogrande,Rionegro,Antioquia,Colombia,"<span class=""grey""> / Restaurante, Pub y bar</span>"
Delicias Niña Fanny,Rionegro,Antioquia,Colombia,"<span class=""grey""> / Restaurante</span>"
Filipino Food,Rionegro,Antioquia,Colombia,"<span class=""grey""> / Restaurante</span>"
Pataconiando Rionegro,Rionegro,Antioquia,Colombia,"<span class=""grey""> / Restaurante, Comida rápida</span>"
La Gaufrette,Rionegro,Antioquia,Colombia,"<span class=""grey""> / Postres, Restaurante</span>"
Pizza Express,Rionegro,Antioquia,Colombia,"<span class=""grey""> / Pizzería, Restaurante</span>"
El Rancho De Juanda Uco.,Rionegro,Antioquia,Colombia,"<span class=""grey""> / Restaurante</span>"
Comidas Rápidas Viernes,Rionegro,Antioquia,Colombia,"<span class=""grey""> / Restaurante, Comida rápida</span>"
Restaurante Cítrico Crossover Lounch,Rionegro,Antioquia,Colombia,"<span class=""grey""> / Restaurante, Comida rápida</span>"
Milán Bar Y Pizzería,Rionegro,Antioquia,Colombia,"<span class=""grey""> / Pizzería, Pub y bar, Restaurante, Comida rápida</span>"
El Paisa Asados,Rionegro,Antioquia,Colombia,"<span class=""grey""> / Barbacoa</span>"
Asadero Brost Y Pan,Rionegro,Antioquia,Colombia,"<span class=""grey""> / Restaurante, Comida rápida</span>"
Paliqueso Empanada Chilena,Rionegro,Antioquia,Colombia,"<span class=""grey""> / Restaurante, Comida rápida</span>"
Pepitos6,Rionegro,Antioquia,Colombia,"<span class=""grey""> / Restaurante</span>"
Carbon & Parrilla Restaurante - Bar,Rionegro,Antioquia,Colombia,"<span class=""grey""> / Pub y bar, Barbacoa, Restaurante, Parrilla</span>"
Piña Karaoke,Rionegro,Antioquia,Colombia,"<span class=""grey""> / Barbacoa, Restaurante, Pub y bar</span>"
Supermercado Las Margaritas,Rionegro,Antioquia,Colombia,"<span class=""grey""> / Restaurante</span>"
Santa Ana Sandwich & Burguer,Rionegro,Antioquia,Colombia,"<span class=""grey""> / Restaurante, Comida rápida</span>"
Mr. Bruno,Rionegro,Antioquia,Colombia,"<span class=""grey""> / Restaurante, Comida rápida</span>"
Kekomo,Rionegro,Antioquia,Colombia,"<span class=""grey""> / Restaurante, Comida rápida</span>"
Sector7G Drinks & Food,Rionegro,Antioquia,Colombia,"<span class=""grey""> / Barbacoa, Restaurante, Pub y bar</span>"
Mar y Tierra,Rionegro,Antioquia,Colombia,"<span class=""grey""> / Marisco, Restaurante</span>"
PUNTO CALIENTE sazón y sabor,Rionegro,Antioquia,Colombia,"<span class=""grey""> / Restaurante</span>"
Mis carnes parrilla,Rionegro,Antioquia,Colombia,"<span class=""grey""> / Restaurante, Parrilla</span>"
Mar y Tierra,Rionegro,Antioquia,Colombia,"<span class=""grey""> / Marisco, Restaurante</span>"
STUNT FOOD,Rionegro,Antioquia,Colombia,"<span class=""grey""> / Restaurante, Comida rápida</span>"
"Pasteles De Pollo, Empanadas Deliciosos.",Rionegro,Antioquia,Colombia,"<span class=""grey""> / Restaurante</span>"
restaurante Emparepas,Rionegro,Antioquia,Colombia,"<span class=""grey""> / Restaurante</span>"
The Rib House By Rio Vio,Rionegro,Antioquia,Colombia,"<span class=""grey""> / Restaurante, Barbacoa, Pub y bar</span>"
Barlovento PIZZA BAR,Rionegro,Antioquia,Colombia,"<span class=""grey""> / Pub y bar, Pizzería, Restaurante</span>"
Soccer Center,Rionegro,Antioquia,Colombia,"<span class=""grey""> / Restaurante, Pub y bar</span>"
The RIB House,Rionegro,Antioquia,Colombia,"<span class=""grey""> / Barbacoa, Restaurante</span>"
Martinika,Rionegro,Antioquia,Colombia,"<span class=""grey""> / Restaurante, Pub y bar</span>"
Bar Tequilazo,Rionegro,Antioquia,Colombia,"<span class=""grey""> / Pub y bar, Restaurante</span>"
Restaurante Rincón Típico,Rionegro,Antioquia,Colombia,"<span class=""grey""> / Restaurante</span>"
Taberna La Mulada,Rionegro,Antioquia,Colombia,"<span class=""grey""> / Restaurante</span>"
Restaurante Las Acacias,Rionegro,Antioquia,Colombia,"<span class=""grey""> / Restaurante</span>"
Restaurante La Terminal,Rionegro,Antioquia,Colombia,"<span class=""grey""> / Marisco, Restaurante</span>"
Restaurante El Diamante,Rionegro,Antioquia,Colombia,"<span class=""grey""> / Restaurante</span>"
Granero Tres Esquinas El Pelón,Rionegro,Antioquia,Colombia,"<span class=""grey""> / Restaurante</span>"
Maqui,Rionegro,Antioquia,Colombia,"<span class=""grey""> / Restaurante</span>"
Brasas y brosty,Rionegro,Antioquia,Colombia,"<span class=""grey""> / Restaurante</span>"
Restaurante El Único,Rionegro,Antioquia,Colombia,"<span class=""grey""> / Restaurante</span>"
La Maizalera,Rionegro,Antioquia,Colombia,"<span class=""grey""> / Restaurante</span>"
Dulce parrilla,Rionegro,Antioquia,Colombia,"<span class=""grey""> / Restaurante, Parrilla</span>"
Antojería Burger and Beer,Rionegro,Antioquia,Colombia,"<span class=""grey""> / Pub y bar, Restaurante</span>"
Deli Alitas Express Rionegro,Rionegro,Antioquia,Colombia,"<span class=""grey""> / Restaurante</span>"
Herrero restaurante,Rionegro,Antioquia,Colombia,"<span class=""grey""> / Restaurante</span>"
4&CO by Los Valles Deshidratados,Rionegro,Antioquia,Colombia,"<span class=""grey""> / Restaurante</span>"
Sabrosuras del Mar,Rionegro,Antioquia,Colombia,"<span class=""grey""> / Restaurante</span>"
World Famous BBQ Smoken Ribs,Rionegro,Antioquia,Colombia,"<span class=""grey""> / Barbacoa, Restaurante</span>"
Huellas paisas,Rionegro,Antioquia,Colombia,"<span class=""grey""> / Restaurante</span>"
Templo de los Ricos Pasteles,Rionegro,Antioquia,Colombia,"<span class=""grey""> / Restaurante</span>"
Restaurante Ahora Pollo,Rionegro,Antioquia,Colombia,"<span class=""grey""> / Restaurante, Comida rápida</span>"
Restaurante Ricuras de La 47,Rionegro,Antioquia,Colombia,"<span class=""grey""> / Restaurante</span>"
Charcutería La Esquina,Rionegro,Antioquia,Colombia,"<span class=""grey""> / Restaurante</span>"
Restaurante Maná,Rionegro,Antioquia,Colombia,"<span class=""grey""> / Restaurante</span>"
Restaurante Don Tomás,Rionegro,Antioquia,Colombia,"<span class=""grey""> / Restaurante</span>"
Bar Córdoba,Rionegro,Antioquia,Colombia,"<span class=""grey""> / Pub y bar, Restaurante</span>"
Comidas Club Social Torremolino,Rionegro,Antioquia,Colombia,"<span class=""grey""> / Club, Restaurante</span>"
Bar Bilbao,Rionegro,Antioquia,Colombia,"<span class=""grey""> / Pub y bar, Restaurante</span>"
Bar V 5to,Rionegro,Antioquia,Colombia,"<span class=""grey""> / Pub y bar, Restaurante</span>"
Bar Drinks And More,Rionegro,Antioquia,Colombia,"<span class=""grey""> / Pub y bar, Restaurante</span>"
Bar Club Social Géminis,Rionegro,Antioquia,Colombia,"<span class=""grey""> / Pub y bar, Club, Restaurante</span>"
Granero El Planito,Rionegro,Antioquia,Colombia,"<span class=""grey""> / Restaurante</span>"
Licorería La Favorita,Rionegro,Antioquia,Colombia,"<span class=""grey""> / Restaurante</span>"
Carnicería Gusto Carnes,Rionegro,Antioquia,Colombia,"<span class=""grey""> / Restaurante</span>"
Compras El Revolcón Distri,Rionegro,Antioquia,Colombia,"<span class=""grey""> / Restaurante</span>"
Bar Equinoccio,Rionegro,Antioquia,Colombia,"<span class=""grey""> / Pub y bar, Restaurante</span>"
Bar Centro Social La Caponera,Rionegro,Antioquia,Colombia,"<span class=""grey""> / Pub y bar, Restaurante</span>"
Donde Julio,Rionegro,Antioquia,Colombia,"<span class=""grey""> / Restaurante</span>"
ORIGAMI SUSHI,Rionegro,Antioquia,Colombia,"<span class=""grey""> / Sushi, Restaurante</span>"
So Happy Más,Rionegro,Antioquia,Colombia,"<span class=""grey""> / Restaurante</span>"
Ramirez Arana Catering,Rionegro,Antioquia,Colombia,"<span class=""grey""> / Restaurante</span>"
Backenballs,Rionegro,Antioquia,Colombia,"<span class=""grey""> / Restaurante</span>"
Sabor latino,Rionegro,Antioquia,Colombia,"<span class=""grey""> / Restaurante</span>"
La Wafflera San Antonio,Rionegro,Antioquia,Colombia,"<span class=""grey""> / Restaurante</span>"
Wild Wings & Co,Rionegro,Antioquia,Colombia,"<span class=""grey""> / Restaurante</span>"
Kokoriko C.C. San Nicolás,Rionegro,Antioquia,Colombia,"<span class=""grey""> / Restaurante</span>"
Time Out Sports Bar,Rionegro,Antioquia,Colombia,"<span class=""grey""> / Pub y bar</span>"
"Pike Pizzeria, Cocina Italiana.",Rionegro,Antioquia,Colombia,"<span class=""grey""> / Pizzería, Restaurante, Italiana</span>"
Restaurante El Potrero,Rionegro,Antioquia,Colombia,"<span class=""grey""> / Barbacoa, Restaurante</span>"
Frutinal S.A.S,Rionegro,Antioquia,Colombia,"<span class=""grey""> / Restaurante</span>"
Bistro Paisa,Rionegro,Antioquia,Colombia,"<span class=""grey""> / Restaurante, Comida rápida</span>"
Counter Culture,Rionegro,Antioquia,Colombia,"<span class=""grey""> / Restaurante</span>"
Anditos BBQ (Authentic Southern BBQ),Rionegro,Antioquia,Colombia,"<span class=""grey""> / Barbacoa, Restaurante</span>"
The Burger Company,Rionegro,Antioquia,Colombia,"<span class=""grey""> / Restaurante, Comida rápida</span>"
Media Luna San Antonio,Rionegro,Antioquia,Colombia,"<span class=""grey""> / Restaurante</span>"
Gastro Art,Rionegro,Antioquia,Colombia,"<span class=""grey""> / Restaurante</span>"
Sea Paradise,Rionegro,Antioquia,Colombia,"<span class=""grey""> / Restaurante</span>"
El Chef Polo,Rionegro,Antioquia,Colombia,"<span class=""grey""> / Restaurante</span>"
D´elihelatto,Rionegro,Antioquia,Colombia,"<span class=""grey""> / Restaurante</span>"
Restaurante Costeño Rionegro,Rionegro,Antioquia,Colombia,"<span class=""grey""> / Restaurante</span>"
Dulce Mañana De Oriente,Rionegro,Antioquia,Colombia,"<span class=""grey""> / Comida rápida, Restaurante</span>"
Juanchos Restaurante,Rionegro,Antioquia,Colombia,"<span class=""grey""> / Restaurante</span>"
Sabores gourmet fast food,Rionegro,Antioquia,Colombia,"<span class=""grey""> / Restaurante, Comida rápida</span>"
Comidas Rapidas Y Asados Lenox,Rionegro,Antioquia,Colombia,"<span class=""grey""> / Restaurante</span>"
“Paninos” Sandwich & Cafe,Rionegro,Antioquia,Colombia,"<span class=""grey""> / Restaurante, Café</span>"
Sabor paisa panadería y restaurante.,Rionegro,Antioquia,Colombia,"<span class=""grey""> / Restaurante</span>"
J&C Delicias Express,Rionegro,Antioquia,Colombia,"<span class=""grey""> / Restaurante</span>"
RESTAURANTE DELICIAS DE DOÑA OTTI,Rionegro,Antioquia,Colombia,"<span class=""grey""> / Restaurante</span>"
Catando cafe,Rionegro,Antioquia,Colombia,"<span class=""grey""> / Restaurante, Café</span>"
BURGUÉS GOURMET,Rionegro,Antioquia,Colombia,"<span class=""grey""> / Restaurante</span>"
Delimaná,Rionegro,Antioquia,Colombia,"<span class=""grey""> / Restaurante</span>"
Fusioncaferestaurante,Rionegro,Antioquia,Colombia,"<span class=""grey""> / Restaurante</span>"
Special Cakes Llanogrande,Rionegro,Antioquia,Colombia,"<span class=""grey""> / Postres, Restaurante</span>"
Kaboom Fast Food,Rionegro,Antioquia,Colombia,"<span class=""grey""> / Comida rápida, Restaurante</span>"
Queen's Food,Rionegro,Antioquia,Colombia,"<span class=""grey""> / Restaurante</span>"
Queen’sfood,Rionegro,Antioquia,Colombia,"<span class=""grey""> / Restaurante</span>"
Las Fritas San Antonio,Rionegro,Antioquia,Colombia,"<span class=""grey""> / Restaurante</span>"
Cipriani no oficial,Rionegro,Antioquia,Colombia,"<span class=""grey""> / Restaurante</span>"
Paladar de Reyes,Rionegro,Antioquia,Colombia,"<span class=""grey""> / Restaurante</span>"
Tamales Jose,Rionegro,Antioquia,Colombia,"<span class=""grey""> / Restaurante</span>"
Donde Quieras,Rionegro,Antioquia,Colombia,"<span class=""grey""> / Restaurante, Cafetería</span>"
Bulevar Cafe,Rionegro,Antioquia,Colombia,"<span class=""grey""> / Restaurante, Café</span>"
Tres burguer n' ribs,Rionegro,Antioquia,Colombia,"<span class=""grey""> / Restaurante</span>"
Entrecorte restaurante parrilla express,Rionegro,Antioquia,Colombia,"<span class=""grey""> / Parrilla, Barbacoa, Pub y bar, Restaurante</span>"
DONER MIX,Rionegro,Antioquia,Colombia,"<span class=""grey""> / Restaurante</span>"
Licorera Tabaco Y Caney,Rionegro,Antioquia,Colombia,"<span class=""grey""> / Restaurante</span>"
Bar Santelmo,Rionegro,Antioquia,Colombia,"<span class=""grey""> / Pub y bar, Restaurante</span>"
Bar Voces de Antaño,Rionegro,Antioquia,Colombia,"<span class=""grey""> / Pub y bar, Restaurante</span>"
Almacén Multicompras,Rionegro,Antioquia,Colombia,"<span class=""grey""> / Restaurante</span>"
Bar La Campiña,Rionegro,Antioquia,Colombia,"<span class=""grey""> / Pub y bar, Restaurante</span>"
Licorería Licolarte,Rionegro,Antioquia,Colombia,"<span class=""grey""> / Restaurante</span>"
Cigarrería Don Pepe,Rionegro,Antioquia,Colombia,"<span class=""grey""> / Restaurante</span>"
Supercarnes,Rionegro,Antioquia,Colombia,"<span class=""grey""> / Restaurante</span>"
Discoteca Bar Juanes,Rionegro,Antioquia,Colombia,"<span class=""grey""> / Pub y bar, Club, Restaurante</span>"
Tienda La Flor del Alba,Rionegro,Antioquia,Colombia,"<span class=""grey""> / Restaurante</span>"
Restaurante Industriales,Rionegro,Antioquia,Colombia,"<span class=""grey""> / Restaurante</span>"
Rancho Bar Los Estribos,Rionegro,Antioquia,Colombia,"<span class=""grey""> / Pub y bar, Restaurante</span>"
Lácteos Y Cárnicos Mar Azul,Rionegro,Antioquia,Colombia,"<span class=""grey""> / Restaurante</span>"
Restaurante La Salud,Rionegro,Antioquia,Colombia,"<span class=""grey""> / Restaurante</span>"
Taberna Cheroky Kyn,Rionegro,Antioquia,Colombia,"<span class=""grey""> / Restaurante</span>"
Compras Autoservicio,Rionegro,Antioquia,Colombia,"<span class=""grey""> / Restaurante</span>"
Portillo Restaurant,Rionegro,Antioquia,Colombia,"<span class=""grey""> / Restaurante</span>"
Parrilla y sabor,Rionegro,Antioquia,Colombia,"<span class=""grey""> / Parrilla, Restaurante</span>"
Canela Flowers Coffee,Rionegro,Antioquia,Colombia,"<span class=""grey""> / Coffee houses, Restaurante</span>"
Don Antonio Café,Rionegro,Antioquia,Colombia,"<span class=""grey""> / Coffee houses, Restaurante, Café</span>"
El Punto Saludable Ríonegro,Rionegro,Antioquia,Colombia,"<span class=""grey""> / Restaurante</span>"
Panaderia Gualanday,Rionegro,Antioquia,Colombia,"<span class=""grey""> / Restaurante</span>"
Crispan Rionegro,Rionegro,Antioquia,Colombia,"<span class=""grey""> / Postres, Restaurante</span>"
El encanto sabor y frescura natural,Rionegro,Antioquia,Colombia,"<span class=""grey""> / Restaurante</span>"
Restaurantes en Rionegro y Llanogrande,Rionegro,Antioquia,Colombia,"<span class=""grey""> / Barbacoa, Pub y bar, Restaurante</span>"
La Casa del Pan De Queso,Rionegro,Antioquia,Colombia,"<span class=""grey""> / Restaurante</span>"
Fonda El Portal,Rionegro,Antioquia,Colombia,"<span class=""grey""> / Restaurante</span>"
Food Magic JC,Rionegro,Antioquia,Colombia,"<span class=""grey""> / Comida rápida, Restaurante</span>"
sabor PIZZA,Rionegro,Antioquia,Colombia,"<span class=""grey""> / Pizzería, Restaurante</span>"
Lazzaruspizzas,Rionegro,Antioquia,Colombia,"<span class=""grey""> / Pizzería, Restaurante</span>"
Pizzas happy,Rionegro,Antioquia,Colombia,"<span class=""grey""> / Pizzería, Restaurante</span>"
Sushi Market,Rionegro,Antioquia,Colombia,"<span class=""grey""> / Sushi, Restaurante</span>"
El Sabor que te Encanta,Rionegro,Antioquia,Colombia,"<span class=""grey""> / Comida rápida, Restaurante</span>"
Papa John's Pizza,Rionegro,Antioquia,Colombia,"<span class=""grey""> / Pizzería, Comida rápida, Restaurante</span>"
Domino's Pizza,Rionegro,Antioquia,Colombia,"<span class=""grey""> / Pizzería, Comida rápida, Restaurante</span>"
Presto Rgn Aerp Jose M,Rionegro,Antioquia,Colombia,"<span class=""grey""> / Comida rápida, Restaurante</span>"
Caliche Ceviche,Rionegro,Antioquia,Colombia,"<span class=""grey""> / Comida rápida, Restaurante</span>"
M&R Ricuras Venezolanas,Rionegro,Antioquia,Colombia,"<span class=""grey""> / Restaurante, Comida rápida</span>"
Majoma Express Parrilla,Rionegro,Antioquia,Colombia,"<span class=""grey""> / Barbacoa, Pub y bar, Parrilla, Restaurante</span>"
Comidas Rápidas Caña Dulce,Rionegro,Antioquia,Colombia,"<span class=""grey""> / Comida rápida, Restaurante</span>"
Comidas Rápidas Delicia Oriental,Rionegro,Antioquia,Colombia,"<span class=""grey""> / Comida rápida, Restaurante</span>"
Comidas Rápidas Punto de Encuentro,Rionegro,Antioquia,Colombia,"<span class=""grey""> / Restaurante, Comida rápida</span>"
Pollo Frito Pinky,Rionegro,Antioquia,Colombia,"<span class=""grey""> / Restaurante, Comida rápida</span>"
Gratinados y Lasagnas de La Casa,Rionegro,Antioquia,Colombia,"<span class=""grey""> / Pizzería, Restaurante, Comida rápida</span>"
Restaurante Mr Pollo Y Chocolera,Rionegro,Antioquia,Colombia,"<span class=""grey""> / Restaurante, Comida rápida</span>"
O'NDE PIPE,Rionegro,Antioquia,Colombia,"<span class=""grey""> / Restaurante, Comida rápida</span>"
Oasis Pizza,Rionegro,Antioquia,Colombia,"<span class=""grey""> / Pizzería, Restaurante</span>"
El Cubano Sandwichs,Rionegro,Antioquia,Colombia,"<span class=""grey""> / Restaurante, Comida rápida</span>"
Subway Colombia,Rionegro,Antioquia,Colombia,"<span class=""grey""> / Restaurante, Comida rápida</span>"
Frutos del Mar al Paladar,Rionegro,Antioquia,Colombia,"<span class=""grey""> / Marisco, Restaurante</span>"
FOGATA Burger & Ribs,Rionegro,Antioquia,Colombia,"<span class=""grey""> / Restaurante</span>"
VIPColombiaPoker,Rionegro,Antioquia,Colombia,"<span class=""grey""> / Restaurante</span>"
Cafeteria Y Restaurante El Divino Niño,Rionegro,Antioquia,Colombia,"<span class=""grey""> / Cafetería, Restaurante</span>"
Peccati,Rionegro,Antioquia,Colombia,"<span class=""grey""> / Restaurante</span>"
Pollos Kokoliso,Rionegro,Antioquia,Colombia,"<span class=""grey""> / Restaurante</span>"
La Ruta luch and fast food,Rionegro,Antioquia,Colombia,"<span class=""grey""> / Restaurante, Comida rápida</span>"
La estación,Rionegro,Antioquia,Colombia,"<span class=""grey""> / Restaurante</span>"
La Cuarta Estación,Rionegro,Antioquia,Colombia,"<span class=""grey""> / Restaurante</span>"
Bamboo restaurante comida mexicana,Rionegro,Antioquia,Colombia,"<span class=""grey""> / Mexicana, Restaurante</span>"
The hot dog station,Rionegro,Antioquia,Colombia,"<span class=""grey""> / Restaurante</span>"
Santorini Pizzería Bar Llanogrande,Rionegro,Antioquia,Colombia,"<span class=""grey""> / Pub y bar, Pizzería, Restaurante</span>"
Finca La Maria,Rionegro,Antioquia,Colombia,"<span class=""grey""> / Restaurante</span>"
Entre parceros y panas,Rionegro,Antioquia,Colombia,"<span class=""grey""> / Restaurante</span>"
Restaurante Rosita,Rionegro,Antioquia,Colombia,"<span class=""grey""> / Restaurante</span>"
Mar y y tierra asados,Rionegro,Antioquia,Colombia,"<span class=""grey""> / Restaurante</span>"
COMIDAS RÁPIDAS Y HELADOS TRES CANTOS,Rionegro,Antioquia,Colombia,"<span class=""grey""> / Restaurante</span>"
La Maizalera,Rionegro,Antioquia,Colombia,"<span class=""grey""> / Restaurante</span>"
Nebula burger,Rionegro,Antioquia,Colombia,"<span class=""grey""> / Restaurante</span>"
EL NOGAL CAFÉ,Rionegro,Antioquia,Colombia,"<span class=""grey""> / Restaurante, Café</span>"
El rincón de las delicias venezolanas,Rionegro,Antioquia,Colombia,"<span class=""grey""> / Restaurante</span>"
RESTAURANTE 2 ESQUINAS,Rionegro,Antioquia,Colombia,"<span class=""grey""> / Restaurante</span>"
Zutrans,Rionegro,Antioquia,Colombia,"<span class=""grey""> / Sushi, Restaurante</span>"
Asados Villa,Rionegro,Antioquia,Colombia,"<span class=""grey""> / Restaurante</span>"
Bc/Brasas de Colombia,Rionegro,Antioquia,Colombia,"<span class=""grey""> / Restaurante</span>"
Popsy,Rionegro,Antioquia,Colombia,"<span class=""grey""> / Restaurante</span>"
Consuelo M Ceballos os,Rionegro,Antioquia,Colombia,"<span class=""grey""> / Restaurante</span>"
Piccolo Llanogrande,Rionegro,Antioquia,Colombia,"<span class=""grey""> / Restaurante</span>"
Taberna y Restaurante Gabys,Rionegro,Antioquia,Colombia,"<span class=""grey""> / Restaurante</span>"
Paerez Montoya Rionegr,Rionegro,Antioquia,Colombia,"<span class=""grey""> / Restaurante</span>"
Alhambre Calambre,Rionegro,Antioquia,Colombia,"<span class=""grey""> / Restaurante</span>"
disfruta z k fruta,Rionegro,Antioquia,Colombia,"<span class=""grey""> / Restaurante</span>"
Piza Tio Ricardo,Rionegro,Antioquia,Colombia,"<span class=""grey""> / Restaurante</span>"
Hot-Wings,Rionegro,Antioquia,Colombia,"<span class=""grey""> / Restaurante</span>"
La Manteleria,Rionegro,Antioquia,Colombia,"<span class=""grey""> / Restaurante</span>"
Picolino Expres,Rionegro,Antioquia,Colombia,"<span class=""grey""> / Restaurante</span>"
Bar Ricuras Y Café,Rionegro,Antioquia,Colombia,"<span class=""grey""> / Pub y bar, Café, Restaurante</span>"
Shanikar,Rionegro,Antioquia,Colombia,"<span class=""grey""> / Comida rápida, Restaurante</span>"
Amparo Rendón,Rionegro,Antioquia,Colombia,"<span class=""grey""> / Restaurante</span>"
Mundos Ribs,Rionegro,Antioquia,Colombia,"<span class=""grey""> / Restaurante</span>"
EL FARO,Rionegro,Antioquia,Colombia,"<span class=""grey""> / Restaurante</span>"
Kirrikiki,Rionegro,Antioquia,Colombia,"<span class=""grey""> / Restaurante</span>"
Mezzaluna Cocina Natural,Rionegro,Antioquia,Colombia,"<span class=""grey""> / Restaurante</span>"
Amordiscos,Rionegro,Antioquia,Colombia,"<span class=""grey""> / Restaurante</span>"
Ricuras M&R,Rionegro,Antioquia,Colombia,"<span class=""grey""> / Restaurante</span>"
Bar El Palomar,Rionegro,Antioquia,Colombia,"<span class=""grey""> / Pub y bar, Restaurante</span>"
Que Rico,Rionegro,Antioquia,Colombia,"<span class=""grey""> / Restaurante</span>"
Savanna Gourmet,Rionegro,Antioquia,Colombia,"<span class=""grey""> / Restaurante</span>"
Deli Reposteria,Rionegro,Antioquia,Colombia,"<span class=""grey""> / Restaurante, Postres</span>"
Taberna Bar Evocación,Rionegro,Antioquia,Colombia,"<span class=""grey""> / Pub y bar, Restaurante</span>"
Granero Familiar,Rionegro,Antioquia,Colombia,"<span class=""grey""> / Restaurante</span>"
Licorera Kr55b 22,Rionegro,Antioquia,Colombia,"<span class=""grey""> / Restaurante</span>"
Kaeiro lounge,Rionegro,Antioquia,Colombia,"<span class=""grey""> / Restaurante</span>"
Bar San Remo,Rionegro,Antioquia,Colombia,"<span class=""grey""> / Pub y bar, Restaurante</span>"
Colom,Rionegro,Antioquia,Colombia,"<span class=""grey""> / Restaurante</span>"
San Joan Despi Barcelona,Rionegro,Antioquia,Colombia,"<span class=""grey""> / Restaurante</span>"
Restaurante Buen Apetito,Rionegro,Antioquia,Colombia,"<span class=""grey""> / Restaurante</span>"
Detalles Mariangel,Rionegro,Antioquia,Colombia,"<span class=""grey""> / Restaurante</span>"
Restaurante Danymar,Rionegro,Antioquia,Colombia,"<span class=""grey""> / Restaurante</span>"
Supermercado Merkemas Autoservicio,Rionegro,Antioquia,Colombia,"<span class=""grey""> / Restaurante</span>"
Restaurante Las Vegas,Rionegro,Antioquia,Colombia,"<span class=""grey""> / Restaurante</span>"
Bar Nelcon,Rionegro,Antioquia,Colombia,"<span class=""grey""> / Pub y bar, Restaurante</span>"
Granos Y Legumbres Merkarlos,Rionegro,Antioquia,Colombia,"<span class=""grey""> / Restaurante</span>"
Bar El Cantinazo,Rionegro,Antioquia,Colombia,"<span class=""grey""> / Pub y bar, Restaurante</span>"
Restaurante Fríjoles Y Pollo,Rionegro,Antioquia,Colombia,"<span class=""grey""> / Restaurante</span>"
Bar El Viejo Faro,Rionegro,Antioquia,Colombia,"<span class=""grey""> / Pub y bar, Restaurante</span>"
Agencia de Abarrotes San Francisco,Rionegro,Antioquia,Colombia,"<span class=""grey""> / Restaurante</span>"
Bar La Tertulia de La 47,Rionegro,Antioquia,Colombia,"<span class=""grey""> / Pub y bar, Restaurante</span>"
Bar Dolarex,Rionegro,Antioquia,Colombia,"<span class=""grey""> / Pub y bar, Restaurante</span>"
Distribuidora de Carnes,Rionegro,Antioquia,Colombia,"<span class=""grey""> / Restaurante</span>"
Licorera Blue,Rionegro,Antioquia,Colombia,"<span class=""grey""> / Restaurante</span>"
Comidas Santo Sabor,Rionegro,Antioquia,Colombia,"<span class=""grey""> / Restaurante</span>"
Rancho Y Licores El Gran Colonial,Rionegro,Antioquia,Colombia,"<span class=""grey""> / Restaurante</span>"
Café Bar Añoranzas,Rionegro,Antioquia,Colombia,"<span class=""grey""> / Pub y bar, Café, Restaurante</span>"
Bar Barra La Bonga,Rionegro,Antioquia,Colombia,"<span class=""grey""> / Pub y bar, Restaurante</span>"
Restaurante Guaraní,Rionegro,Antioquia,Colombia,"<span class=""grey""> / Restaurante</span>"
Bar Rinconcito Vallenato,Rionegro,Antioquia,Colombia,"<span class=""grey""> / Pub y bar, Restaurante</span>"
Bar El Viejo,Rionegro,Antioquia,Colombia,"<span class=""grey""> / Pub y bar, Restaurante</span>"
Bar Rocal,Rionegro,Antioquia,Colombia,"<span class=""grey""> / Pub y bar, Restaurante</span>"
Granero Ebejico Jf,Rionegro,Antioquia,Colombia,"<span class=""grey""> / Restaurante</span>"
Licorería Jarabe,Rionegro,Antioquia,Colombia,"<span class=""grey""> / Restaurante</span>"
Salento restaurante café,Rionegro,Antioquia,Colombia,"<span class=""grey""> / Coffee houses, Café, Restaurante</span>"
Restaurante La Estación - mercadito gourmet,Rionegro,Antioquia,Colombia,"<span class=""grey""> / Restaurante</span>"
Racler Llanogrande,Rionegro,Antioquia,Colombia,"<span class=""grey""> / Restaurante</span>"
Mi montañita,Rionegro,Antioquia,Colombia,"<span class=""grey""> / Restaurante</span>"
Temaki,Rionegro,Antioquia,Colombia,"<span class=""grey""> / Restaurante</span>"
