nombre,Ciudad,Departamento,Pais,Descripcion,latitud,longitud
La Abuela Nita,Rionegro,Antioquia,Colombia, Restaurante,6.121167,-75.4283507
Crepes & Waffles,Rionegro,Antioquia,Colombia, Restaurante,6.1474918,-75.3785739
Della Nonna Llanogrande,Rionegro,Antioquia,Colombia," Restaurante, Italiana, Marisco",6.1249161,-75.4232206
El Porton,Rionegro,Antioquia,Colombia," Pizzería, Pub y bar",6.129568,-75.379701
Dulce Contigo,Rionegro,Antioquia,Colombia, Postres,6.1301262,-75.3805849
Cazuela y Tizon,Rionegro,Antioquia,Colombia," Restaurante, Marisco",6.1306386,-75.3797607
Brasas Parrilla Bar,Rionegro,Antioquia,Colombia," Restaurante, Barbacoa, Pub y bar, Parrilla",6.127123,-75.416125
Postres San Antonio,Rionegro,Antioquia,Colombia," Restaurante, Postres",6.1295157,-75.3805986
Mundos,Rionegro,Antioquia,Colombia," Restaurante, Barbacoa, Parrilla",6.1490188,-75.3789523
Nido Del Jabali,Rionegro,Antioquia,Colombia," Comida rápida, Restaurante, Pizzería, Pub y bar",6.1534026,-75.3747401
Crepes & Waffles Llanogrande,Rionegro,Antioquia,Colombia, Restaurante,6.1236992,-75.4230355
Folklore,Rionegro,Antioquia,Colombia, Restaurante,6.1478131,-75.3867788
restaurante el patio de san antonio,Rionegro,Antioquia,Colombia, Restaurante,6.1291214,-75.3798166
La Taberna Pizza Bar,Rionegro,Antioquia,Colombia," Restaurante, Pub y bar, Pizzería",6.1385832,-75.3849563
Milagros,Rionegro,Antioquia,Colombia," Restaurante, Mexicana",6.1582469,-75.3705021
The Beef Store,Rionegro,Antioquia,Colombia," Café, Comida rápida, Restaurante, Pub y bar, Pizzería",6.1512496,-75.4087404
Chabuca,Rionegro,Antioquia,Colombia, Restaurante,6.208768,-75.5657688
Artesano Express,Rionegro,Antioquia,Colombia, Restaurante,6.175987,-75.3461286
Sushi 7,Rionegro,Antioquia,Colombia," Restaurante, Marisco, Sushi",6.1257519,-75.421173
Lazzaroni Cg Pizzería,Rionegro,Antioquia,Colombia," Restaurante, Italiana, Comida rápida, Pizzería",6.1274188,-75.3825872
Mundos Ribs,Rionegro,Antioquia,Colombia," Restaurante, Parrilla, Barbacoa",6.1522694,-75.3710633
Don de Nico Restaurante Paisa,Rionegro,Antioquia,Colombia, Restaurante,6.1740697,-75.4333419
La Torre Gourmet,Rionegro,Antioquia,Colombia, Restaurante,6.1252698,-75.4235971
Estadero El Paraíso,Rionegro,Antioquia,Colombia, Restaurante,6.1847446,-75.3752548
Napoles,Rionegro,Antioquia,Colombia," Restaurante, Pizzería",6.1474958,-75.380608
Pizzas con Sentido Rionegro,Rionegro,Antioquia,Colombia," Restaurante, Comida rápida, Pizzería",6.1508394,-75.3919431
Bbq Wings Express,Rionegro,Antioquia,Colombia," Comida rápida, Barbacoa, Restaurante",6.1481765,-75.386593
Jalapeño,Rionegro,Antioquia,Colombia," Restaurante, Mexicana",6.1256851,-75.4191262
Xtreme Wings,Rionegro,Antioquia,Colombia," Restaurante, Comida rápida",6.1492209,-75.3681021
Las Falabellas,Rionegro,Antioquia,Colombia," Restaurante, Barbacoa, Pub y bar",6.1175688,-75.3893172
BEER,Rionegro,Antioquia,Colombia," Pub y bar, Restaurante",6.127665,-75.382212
Pollo Argentino a la Brasa,Rionegro,Antioquia,Colombia, Restaurante,6.1495439,-75.3882081
Pacho Asados,Rionegro,Antioquia,Colombia," Restaurante, Barbacoa",6.1383948,-75.3846481
Restaurante El Manantial,Rionegro,Antioquia,Colombia," Comida rápida, Restaurante",6.154376,-75.3739166
Di Vino,Rionegro,Antioquia,Colombia," Restaurante, Pub y bar, Barbacoa",6.1294464,-75.3799982
Lleno de Gracia,Rionegro,Antioquia,Colombia," Café, Restaurante",6.1562337,-75.3717498
Club Campestre Llanogrande,Rionegro,Antioquia,Colombia, Club,6.1133537,-75.4091612
Jack's BURGER,Rionegro,Antioquia,Colombia, Restaurante,6.1474965,-75.3880766
Q CHIDO,Rionegro,Antioquia,Colombia," Restaurante, Mexicana",6.1558811,-75.3741332
Los Trailers Llanogrande,Rionegro,Antioquia,Colombia," Restaurante, Pizzería, Sushi, Pub y bar, Barbacoa",6.1367032,-75.3915901
Mistica burger,Rionegro,Antioquia,Colombia," Restaurante, Pub y bar",6.146643,-75.379671
Puebla (San Antonio De Pereira),Rionegro,Antioquia,Colombia," Restaurante, Mexicana",6.128853,-75.3814003
Dogger,Rionegro,Antioquia,Colombia," Comida rápida, Restaurante",6.1475,-75.3786111
Restaurante la casita de ROS,Rionegro,Antioquia,Colombia, Restaurante,6.1468556,-75.3836051
Asados Pachos,Rionegro,Antioquia,Colombia, Barbacoa,6.1383948,-75.3846481
DELICIAS LA 41,Rionegro,Antioquia,Colombia, Restaurante,6.1487373,-75.3878984
Pikeniqué Llanogrande,Rionegro,Antioquia,Colombia, Restaurante,6.1481611,-75.4196947
Pisco y Marisco,Rionegro,Antioquia,Colombia," Marisco, Restaurante",6.1247006,-75.4229906
Trattoria Grappolo,Rionegro,Antioquia,Colombia," Café, Restaurante, Italiana, Pub y bar, Pizzería",6.0796903,-75.4244015
Caña Fístola,Rionegro,Antioquia,Colombia, Pub y bar,6.1315083,-75.4004331
pizzoli restaurante,Rionegro,Antioquia,Colombia," Restaurante, Pizzería",6.1271189,-75.4217295
LAS CARNES EXPRESS,Rionegro,Antioquia,Colombia, Restaurante,6.1530849,-75.4087579
La Mesa De Luis,Rionegro,Antioquia,Colombia," Restaurante, Pizzería",6.1257874,-75.4196583
El Rancherito,Rionegro,Antioquia,Colombia, Restaurante,6.1707634,-75.4276201
Terra Brazza,Rionegro,Antioquia,Colombia, Restaurante,6.1246583,-75.4212029
Pizzas Piccolo Llanogrande,Rionegro,Antioquia,Colombia," Restaurante, Pizzería, Comida rápida",6.1244743,-75.4196342
San Antonio Picnic,Rionegro,Antioquia,Colombia, Restaurante,6.1203045,-75.3776144
Papa John's,Rionegro,Antioquia,Colombia," Restaurante, Pizzería",6.1238096,-75.422767
Café Amoretto,Rionegro,Antioquia,Colombia," Coffee houses, Postres, Café, Cafetería",6.1308264,-75.3804068
L'areppa,Rionegro,Antioquia,Colombia," Barbacoa, Restaurante, Parrilla",6.153002,-75.40827
Os campestre,Rionegro,Antioquia,Colombia, Restaurante,6.1507646,-75.4155049
Villa campestre la Macarena,Rionegro,Antioquia,Colombia, Restaurante,6.1493287,-75.3574841
Steak Blue Restaurante Parrilla Bar,Rionegro,Antioquia,Colombia," Restaurante, Pub y bar, Parrilla",6.1320632,-75.4011006
"Poulet ""Parrilla Bar""",Rionegro,Antioquia,Colombia," Pub y bar, Restaurante, Parrilla",6.1317195,-75.3791345
Restaurante Vegetariano Todo Natural,Rionegro,Antioquia,Colombia," Restaurante, Vegetarianos",6.1519199,-75.373748
Kit Kof Rionegro,Rionegro,Antioquia,Colombia, Restaurante,6.1473553,-75.3710738
Ya Supe Lupe,Rionegro,Antioquia,Colombia, Restaurante,6.1274954,-75.3825144
Piket ´Ando,Rionegro,Antioquia,Colombia, Restaurante,6.1503266,-75.4204928
il forno CC. San Nicolás I Rionegro,Rionegro,Antioquia,Colombia," Restaurante, Italiana",6.1475138,-75.3781471
RESTAURANTE ENTRECOTE,Rionegro,Antioquia,Colombia, Restaurante,6.1494917,-75.3857455
Porko burger,Rionegro,Antioquia,Colombia, Restaurante,6.1313125,-75.3815625
Brasa Llanera,Rionegro,Antioquia,Colombia," Restaurante, Parrilla, Barbacoa",6.120409,-75.4291839
M&R Ricuras Venezolanas,Rionegro,Antioquia,Colombia," Comida rápida, Restaurante",6.1286816,-75.379718
Matajo Burger,Rionegro,Antioquia,Colombia, Restaurante,6.1466924,-75.3531043
Pollos Llanogrande Al Carbón,Rionegro,Antioquia,Colombia," Restaurante, Barbacoa",6.1260554,-75.4181127
Domino's Pizza,Rionegro,Antioquia,Colombia," Restaurante, Pizzería",6.1507711,-75.3908781
Supermercado Panorama,Rionegro,Antioquia,Colombia, Restaurante,6.103211,-75.425728
fior di latte helado y cafe,Rionegro,Antioquia,Colombia," Café, Cafetería",6.1487032,-75.3834999
Niko Parrilla Express,Rionegro,Antioquia,Colombia," Restaurante, Parrilla",6.1272395,-75.4164863
Juan del Alma,Rionegro,Antioquia,Colombia, Restaurante,6.164244,-75.4559124
HOTEL VALLE DE SAN NICOLAS,Rionegro,Antioquia,Colombia, Restaurante,6.1506876,-75.3740098
Chef House,Rionegro,Antioquia,Colombia," Restaurante, Pub y bar",6.1552911,-75.3720293
The Original Ribs,Rionegro,Antioquia,Colombia, Restaurante,6.1498249,-75.4192457
Amanita Pizza,Rionegro,Antioquia,Colombia," Comida rápida, Pizzería, Restaurante",6.1523301,-75.3903204
Sabor Dulce y Picante,Rionegro,Antioquia,Colombia, Restaurante,6.1507754,-75.380029
Empanadas del gato felix,Rionegro,Antioquia,Colombia, Restaurante,6.1288747,-75.381695
Cien Fuegos,Rionegro,Antioquia,Colombia, Restaurante,6.148868,-75.388057
Poulet San Antonio,Rionegro,Antioquia,Colombia," Restaurante, Pub y bar",6.1317172,-75.3791295
La Ruta,Rionegro,Antioquia,Colombia," Restaurante, Pub y bar",6.1421795,-75.3730831
La Sazón de Pérez,Rionegro,Antioquia,Colombia, Restaurante,6.1263549,-75.3838328
Wild Wings,Rionegro,Antioquia,Colombia, Restaurante,6.1311812,-75.3989734
Hornearte,Rionegro,Antioquia,Colombia, Postres,6.132205,-75.40631
SNACKS Costillas Y Alitas,Rionegro,Antioquia,Colombia, Restaurante,6.1491795,-75.387168
Cipriani,Rionegro,Antioquia,Colombia," Pizzería, Restaurante, Italiana",6.138372,-75.3851725
Postrelatto,Rionegro,Antioquia,Colombia, Restaurante,6.1536697,-75.3744319
Guigos pizzeria express,Rionegro,Antioquia,Colombia," Restaurante, Comida rápida, Pizzería",6.150675,-75.389146
Taller de hamburguesas,Rionegro,Antioquia,Colombia," Restaurante, Comida rápida",6.1480008,-75.3861219
el porton llanero,Rionegro,Antioquia,Colombia," Restaurante, Parrilla, Barbacoa",6.151651,-75.3751296
El Corral,Rionegro,Antioquia,Colombia," Comida rápida, Restaurante",6.1238,-75.42322
Las Mil Llanogrande,Rionegro,Antioquia,Colombia," Restaurante, Pub y bar",6.1252837,-75.4236303
Bar El Rodeo,Rionegro,Antioquia,Colombia," Pub y bar, Restaurante",6.127878,-75.381857
Roller Burguer Gourmet,Rionegro,Antioquia,Colombia," Barbacoa, Restaurante",6.1492959,-75.3910495
restaurante orzo,Rionegro,Antioquia,Colombia, Restaurante,6.1244352,-75.423408
Restaurante Mondongos,Rionegro,Antioquia,Colombia, Restaurante,6.154334,-75.370654
CALICHEPAN,Rionegro,Antioquia,Colombia," Café, Coffee houses",6.128088,-75.381786
Flamas parrilla bar,Rionegro,Antioquia,Colombia," Restaurante, Parrilla, Pub y bar",6.1518577,-75.375452
Parrilla bar El Tablón,Rionegro,Antioquia,Colombia," Restaurante, Pub y bar, Barbacoa, Parrilla",6.1304414,-75.3797712
Restaurante Bar santa Pieta,Rionegro,Antioquia,Colombia," Pub y bar, Restaurante",6.1479178,-75.3828296
Frisby Reserva Plaza,Rionegro,Antioquia,Colombia, Restaurante,6.1510722,-75.3925414
Brasa y Leña,Rionegro,Antioquia,Colombia, Restaurante,6.1309317,-75.3797037
La Parrilla Del Chef,Rionegro,Antioquia,Colombia," Restaurante, Parrilla",6.1281683,-75.3816812
Burger King,Rionegro,Antioquia,Colombia, Restaurante,6.1475838,-75.3787979
Rancho Hildebrando,Rionegro,Antioquia,Colombia," Café, Restaurante, Pub y bar, Barbacoa",6.1301535,-75.3805837
Restaurante Kioskos,Rionegro,Antioquia,Colombia, Restaurante,6.1490188,-75.3789523
Fuego Sagrado,Rionegro,Antioquia,Colombia," Comida rápida, Restaurante",6.128007,-75.3816845
Sabor & Arte Al Carbón,Rionegro,Antioquia,Colombia," Pizzería, Restaurante",6.162327,-75.3689986
El Palacio de los Frijoles,Rionegro,Antioquia,Colombia, Restaurante,6.1467118,-75.379394
BEEF PARRILLA SAN ANTONIO,Rionegro,Antioquia,Colombia," Restaurante, Parrilla",6.1299784,-75.3813379
Tucan Cafe,Rionegro,Antioquia,Colombia," Comida rápida, Café, Restaurante",6.1408191,-75.3799817
Mall la contenta,Rionegro,Antioquia,Colombia, Restaurante,6.1527749,-75.4096546
Minimercado El Llanito,Rionegro,Antioquia,Colombia, Restaurante,6.150017,-75.395443
Pisco y Marisco,Rionegro,Antioquia,Colombia," Marisco, Restaurante",6.1247006,-75.4229906
La Colonia Galeria Gastronomica,Rionegro,Antioquia,Colombia, Restaurante,6.1210673,-75.4281472
Brac Food & Wine,Rionegro,Antioquia,Colombia," Pub y bar, Restaurante, Barbacoa",6.1275052,-75.4160739
The Fries Expertos En Papas,Rionegro,Antioquia,Colombia, Restaurante,6.1274995,-75.3822598
Restaurante La Panera,Rionegro,Antioquia,Colombia, Restaurante,6.1508689,-75.3955325
El Coyote,Rionegro,Antioquia,Colombia, Restaurante,6.129355,-75.3800924
Donde Martha Comidas Rapidas,Rionegro,Antioquia,Colombia, Restaurante,6.1306022,-75.379635
Subway,Rionegro,Antioquia,Colombia," Marisco, Comida rápida",6.1534026,-75.3747401
Mar y Fuego Restaurante - Bar,Rionegro,Antioquia,Colombia," Pub y bar, Restaurante",6.136922,-75.3911333
Hamburguesas Rionegro | Qsollados,Rionegro,Antioquia,Colombia," Comida rápida, Restaurante",6.1480008,-75.3861219
La Pizarra Gourmet “Bar & Grill”,Rionegro,Antioquia,Colombia," Barbacoa, Pub y bar, Restaurante",6.1274695,-75.3825731
Rollings Deluxe,Rionegro,Antioquia,Colombia," Comida rápida, Restaurante",6.1259414,-75.419255
Comidas Rápidas El Cucho,Rionegro,Antioquia,Colombia, Restaurante,6.1573661,-75.3751477
Veggiverso,Rionegro,Antioquia,Colombia," Restaurante, Vegetarianos",6.0204734,-75.4330923
Haré Pa' Tu Gusto,Rionegro,Antioquia,Colombia, Restaurante,6.1490349,-75.3681166
El rancho de Juanda,Rionegro,Antioquia,Colombia, Restaurante,6.157174,-75.3751926
Helga Pizzeria & La Terraza Bar - La Ceja,Rionegro,Antioquia,Colombia," Pub y bar, Pizzería, Restaurante",6.0305355,-75.4311227
Sr PIG,Rionegro,Antioquia,Colombia," Comida rápida, Restaurante",6.177638,-75.5859524
NUNKI WINGS,Rionegro,Antioquia,Colombia," Comida rápida, Restaurante",6.1491214,-75.3861811
Asados Doña Rosa,Rionegro,Antioquia,Colombia," Restaurante, Barbacoa",6.1478878,-75.3781642
Fonda La Mariana,Rionegro,Antioquia,Colombia, Restaurante,6.1276526,-75.4158147
Asadero Rapi Pollo,Rionegro,Antioquia,Colombia," Comida rápida, Restaurante",6.152024,-75.3744
Simon Panadero,Rionegro,Antioquia,Colombia, Restaurante,6.1562065,-75.3690682
Cafeteria y restaurante Coffee Break,Rionegro,Antioquia,Colombia," Coffee houses, Restaurante, Cafetería",6.1459627,-75.37934
Pataconia,Rionegro,Antioquia,Colombia, Restaurante,6.1501226,-75.3930594
Beijing Yue Yuan,Rionegro,Antioquia,Colombia, China,6.1277616,-75.3823756
Banquetes La Porteñita,Rionegro,Antioquia,Colombia, Restaurante,6.153595,-75.4093288
BEEF PARRILLA PORVENIR,Rionegro,Antioquia,Colombia," Restaurante, Parrilla",6.1480042,-75.386562
Hel'arte Helados Fritos,Rionegro,Antioquia,Colombia, Restaurante,6.1303278,-75.3797601
Winpies,Rionegro,Antioquia,Colombia," Pizzería, Restaurante",6.1303675,-75.3813351
Relax Wings,Rionegro,Antioquia,Colombia," Comida rápida, Restaurante, Pub y bar",6.1555431,-75.3735729
Barcelona,Rionegro,Antioquia,Colombia," Pub y bar, Restaurante",6.1326274,-75.3788035
Finca hotel zona 7,Rionegro,Antioquia,Colombia," Restaurante, Comida rápida, Cafetería, Coffee houses",6.1961086,-75.3647614
Crokan Pollo,Rionegro,Antioquia,Colombia, Restaurante,6.1482266,-75.3866039
Randys Sports Bar & Grill,Rionegro,Antioquia,Colombia," Barbacoa, Pub y bar, Restaurante",6.1264088,-75.4240024
Mundo Verde,Rionegro,Antioquia,Colombia, Restaurante,6.1240706,-75.4214349
La Villa,Rionegro,Antioquia,Colombia," Pub y bar, Restaurante, Comida rápida",6.1493287,-75.3574841
Líbano Pizza,Rionegro,Antioquia,Colombia," Pizzería, Restaurante, Comida rápida",6.148675,-75.38634
La Abuela Nita,Rionegro,Antioquia,Colombia, Restaurante,6.121167,-75.4283507
"Pizza, Rush Pizzería, Domicilios, Rionegro",Rionegro,Antioquia,Colombia," Comida rápida, Restaurante, Pizzería",6.1298137,-75.3814526
Olé,Rionegro,Antioquia,Colombia, Restaurante,6.1275903,-75.4236128
Coma Y Vuelva,Rionegro,Antioquia,Colombia," Barbacoa, Restaurante",6.1489948,-75.3861647
Marinero´s Restaurant,Rionegro,Antioquia,Colombia, Restaurante,6.1287779,-75.3815406
Supermercado Pepe Tiendas,Rionegro,Antioquia,Colombia, Restaurante,6.156338,-75.369358
Candilejas Llanogrande,Rionegro,Antioquia,Colombia, Restaurante,6.1232323,-75.4211017
El Rancho De Juanda Porvenir,Rionegro,Antioquia,Colombia, Restaurante,6.14815,-75.386404
El Punto Del Tamal,Rionegro,Antioquia,Colombia, Restaurante,6.1274926,-75.3825332
Ricuras Rionegro,Rionegro,Antioquia,Colombia," Comida rápida, Restaurante",6.1572038,-75.371272
Angus Azul,Rionegro,Antioquia,Colombia, Restaurante,6.1308507,-75.3803498
La Lechona De Juanpis,Rionegro,Antioquia,Colombia, Restaurante,6.1539676,-75.3706878
Rancho Paisa,Rionegro,Antioquia,Colombia, Restaurante,6.1533007,-75.3744964
BONA FESTA Eventos,Rionegro,Antioquia,Colombia, Restaurante,6.1499081,-75.3742955
Estadero y tienda LA ESPERANZA,Rionegro,Antioquia,Colombia, Restaurante,6.125626,-75.4186961
Licorería Licoriente La 70,Rionegro,Antioquia,Colombia, Restaurante,6.149918,-75.39017
Vamos Donde Oliva,Rionegro,Antioquia,Colombia," Comida rápida, Restaurante, Cafetería",6.158807,-75.370562
Ferretería Entel Ingenieros,Rionegro,Antioquia,Colombia, Restaurante,6.151157,-75.385567
Mercado La Manuelita,Rionegro,Antioquia,Colombia, Restaurante,6.16127,-75.37407
Angus Azul,Rionegro,Antioquia,Colombia, Restaurante,6.1308507,-75.3803498
RESTAURANTE RAPIPOLLO,Rionegro,Antioquia,Colombia," Pub y bar, Restaurante",6.1178157,-75.3893003
Finca Villaura,Rionegro,Antioquia,Colombia, Restaurante,6.1774868,-75.3775947
RESTAURANTE BAR NOA NOA,Rionegro,Antioquia,Colombia," Pub y bar, Restaurante",6.128742,-75.3797688
Pizzería la Malagueña,Rionegro,Antioquia,Colombia," Pizzería, Restaurante, Italiana",6.1529658,-75.409615
LUCIANA,Rionegro,Antioquia,Colombia, Restaurante,6.1479297,-75.3829552
Comidas El Caleñito,Rionegro,Antioquia,Colombia," Comida rápida, Restaurante",6.155995,-75.374229
Comidas Rápidas Deli Provocación,Rionegro,Antioquia,Colombia," Comida rápida, Restaurante",6.1479549,-75.386126
Kokoriko,Rionegro,Antioquia,Colombia," Comida rápida, Restaurante",6.1535724,-75.3737365
Quesudos Qbrutales Rionegro,Rionegro,Antioquia,Colombia, Restaurante,6.1489351,-75.3883741
Supermercado Don Santa,Rionegro,Antioquia,Colombia, Restaurante,6.15295,-75.363605
Ole Restaurante Español,Rionegro,Antioquia,Colombia," Restaurante, Pub y bar",6.1275903,-75.4236128
GOLDEN BURGUER - COMIDAS RAPIDAS / MALL - LAS DELICIAS -/ SECTOR HELICOPTERO.,Rionegro,Antioquia,Colombia," Restaurante, Comida rápida",6.1524481,-75.4112713
Krazzy Empanada,Rionegro,Antioquia,Colombia," Comida rápida, Restaurante",6.1486374,-75.3875182
Restaurante El Encanto,Rionegro,Antioquia,Colombia, Restaurante,6.153226,-75.372862
Comidas Rápidas LOS PITUFOS,Rionegro,Antioquia,Colombia, Restaurante,6.152891,-75.3636461
Gualanday,Rionegro,Antioquia,Colombia, Restaurante,6.1350044,-75.383912
Rancho Llanogrande,Rionegro,Antioquia,Colombia," Restaurante, Barbacoa",6.133463,-75.4283735
Pollos Asados Mario,Rionegro,Antioquia,Colombia," Restaurante, Comida rápida",6.1531279,-75.3733735
Restaurant Arroz Paisa,Rionegro,Antioquia,Colombia, Restaurante,6.1559748,-75.372704
Pollos Mario,Rionegro,Antioquia,Colombia, Restaurante,6.1468751,-75.3796394
La Champagneria,Rionegro,Antioquia,Colombia," Restaurante, Pub y bar",6.1252357,-75.4232652
Asados El Blason,Rionegro,Antioquia,Colombia," Restaurante, Barbacoa",6.1480762,-75.3860912
Pizzas Del Bosque,Rionegro,Antioquia,Colombia," Pizzería, Restaurante",6.1366094,-75.3916618
FIREHOUSE,Rionegro,Antioquia,Colombia, Restaurante,6.1250257,-75.4218841
Mar Y Fruta Mariscos,Rionegro,Antioquia,Colombia," Marisco, Restaurante",6.138581,-75.38501
Asados Bar Discoteca El Potrero,Rionegro,Antioquia,Colombia," Club, Pub y bar, Comida rápida, Restaurante",6.129565,-75.380761
Fonda La Gotera,Rionegro,Antioquia,Colombia," Restaurante, Barbacoa",6.1296087,-75.3804712
Restaurante Picnic Pancho Villa Sancochos Y Asados 4G,Rionegro,Antioquia,Colombia, Restaurante,6.1619996,-75.4154657
Restaurante Ahi Picante,Rionegro,Antioquia,Colombia, Restaurante,6.14116,-75.377193
La Bagatelle Llanogrande,Rionegro,Antioquia,Colombia, Restaurante,6.1273585,-75.4151958
Distribuidora de Lácteos Betania,Rionegro,Antioquia,Colombia, Restaurante,6.157822,-75.37403
Q2 más que queso Rionegro (El Porvenir),Rionegro,Antioquia,Colombia, Restaurante,6.1491669,-75.3680317
Burger King Aeropuerto JMC,Rionegro,Antioquia,Colombia," Comida rápida, Restaurante",6.1703,-75.4279822
Restaurante Riky Pollo,Rionegro,Antioquia,Colombia," Comida rápida, Restaurante",6.157238,-75.370543
Comidas Rápidas Charkumax,Rionegro,Antioquia,Colombia," Comida rápida, Restaurante",6.146879,-75.386292
CUATRO GRADOS,Rionegro,Antioquia,Colombia," Comida rápida, Restaurante, Pub y bar",6.1385785,-75.384894
Pollo Express,Rionegro,Antioquia,Colombia, Restaurante,6.1455192,-75.3793334
The Grill Station Burger,Rionegro,Antioquia,Colombia," Barbacoa, Restaurante",6.1244412,-75.4209003
Q2 más que queso Rionegro (Santa Ana),Rionegro,Antioquia,Colombia," Comida rápida, Restaurante",6.1491669,-75.3680317
Pizzas Piccolo,Rionegro,Antioquia,Colombia," Restaurante, Pizzería",6.1153394,-75.4169918
Tienda El Parche,Rionegro,Antioquia,Colombia, Restaurante,6.1350161,-75.3348513
Restaurante Ay Mara,Rionegro,Antioquia,Colombia," Comida rápida, Restaurante",6.156364,-75.370886
Restaurante chaoyang chino,Rionegro,Antioquia,Colombia, Restaurante,6.1575183,-75.3704574
Salsamentaria Belchite,Rionegro,Antioquia,Colombia, Restaurante,6.150677,-75.374661
Comidas Rápidas Alguitos,Rionegro,Antioquia,Colombia," Comida rápida, Restaurante",6.154774,-75.372276
Hamburguesas Y Comidas Carro Loco,Rionegro,Antioquia,Colombia," Comida rápida, Restaurante",6.157141,-75.375005
Restaurante Casa China,Rionegro,Antioquia,Colombia," China, Restaurante",6.156984,-75.3728865
J&C Delicias,Rionegro,Antioquia,Colombia, Restaurante,6.144837,-75.375085
EL CHATO ORIGINAL,Rionegro,Antioquia,Colombia," Restaurante, Comida rápida",6.1598653,-75.3702002
Granero Candilejas,Rionegro,Antioquia,Colombia, Restaurante,6.154794,-75.365391
San Alitas Ribs & Wings,Rionegro,Antioquia,Colombia," Comida rápida, Restaurante",6.12956,-75.3799938
Casa China,Rionegro,Antioquia,Colombia," Restaurante, China",6.1473766,-75.3873938
Pisco y Marisco,Rionegro,Antioquia,Colombia," Marisco, Restaurante",6.1247006,-75.4229906
Gaira Cafe,Rionegro,Antioquia,Colombia," Café, Restaurante",6.1704263,-75.428111
BELLA PASTA El Italiano,Rionegro,Antioquia,Colombia," Restaurante, Italiana",6.125134,-75.4230838
kokoriko,Rionegro,Antioquia,Colombia, Restaurante,6.1535724,-75.3737365
Viena Buffet Restaurant,Rionegro,Antioquia,Colombia," Cafetería, Restaurante",6.1714277,-75.4275491
Comidas Rápidas Ricuras de La Pola,Rionegro,Antioquia,Colombia," Comida rápida, Restaurante",6.155253,-75.370772
Dogger,Rionegro,Antioquia,Colombia, Restaurante,6.1475,-75.3786111
Mingo's Catering 3108484850,Rionegro,Antioquia,Colombia, Restaurante,6.1259773,-75.4230971
So Happy,Rionegro,Antioquia,Colombia, Restaurante,6.1471325,-75.3779047
Go and enjoy sushi - Reserva Plaza,Rionegro,Antioquia,Colombia," Sushi, Restaurante",6.151134,-75.3928558
Guys Burger Joint,Rionegro,Antioquia,Colombia, Restaurante,6.1722033,-75.4276127
Pizza De Oriente,Rionegro,Antioquia,Colombia," Pizzería, Restaurante",6.1259314,-75.4190518
Las delicias de cachetes,Rionegro,Antioquia,Colombia," Restaurante, Comida rápida",6.1316605,-75.4010468
Makalu Pizza y Cafe,Rionegro,Antioquia,Colombia," Pizzería, Restaurante, Café",6.1431393,-75.3726673
Palau,Rionegro,Antioquia,Colombia," Pub y bar, Barbacoa",6.1490942,-75.3681616
Lola Vinola - life&food,Rionegro,Antioquia,Colombia," Restaurante, Pub y bar",6.1490188,-75.3789523
Taco Rico,Rionegro,Antioquia,Colombia," Mexicana, Restaurante, Comida rápida",6.1277559,-75.4164071
Duques pizzeria,Rionegro,Antioquia,Colombia," Pizzería, Restaurante",6.1303511,-75.381354
Paradisíaca Patacones Gourmet,Rionegro,Antioquia,Colombia, Restaurante,6.1475039,-75.3874694
PERU MIX San Nicolás,Rionegro,Antioquia,Colombia, Barbacoa,6.147104,-75.3783109
Rapidos y jugosos,Rionegro,Antioquia,Colombia," Restaurante, Comida rápida",6.1480982,-75.3864199
Bariguaná,Rionegro,Antioquia,Colombia," Restaurante, Barbacoa, Pub y bar",6.1491318,-75.3679451
FUSIÓN Café Restaurante,Rionegro,Antioquia,Colombia," Restaurante, Café",6.1483098,-75.3868473
Circuit Bar,Rionegro,Antioquia,Colombia," Pub y bar, Restaurante",6.1290326,-75.3810064
Restaurante Donde Julio Carnes Mar y Vinos,Rionegro,Antioquia,Colombia," Restaurante, Barbacoa, Pub y bar",6.1490188,-75.3789523
Chorizos Santarrosanos CHORY,Rionegro,Antioquia,Colombia," Restaurante, Comida rápida, Barbacoa",6.1277363,-75.3821463
Viva Mexico,Rionegro,Antioquia,Colombia," Mexicana, Restaurante",6.1726186,-75.3408729
La Martina Alitas Y Costillas,Rionegro,Antioquia,Colombia," Restaurante, Comida rápida",6.1289013,-75.3810975
Restaurante Amor a la Carta,Rionegro,Antioquia,Colombia, Restaurante,6.1560749,-75.3727751
Comidas Chaplin Sa,Rionegro,Antioquia,Colombia," Restaurante, Comida rápida",6.160535,-75.369035
Restaurante Orzo,Rionegro,Antioquia,Colombia," Marisco, Restaurante",6.1244352,-75.423408
"RioPizza ""home delivery""",Rionegro,Antioquia,Colombia," Pizzería, Restaurante, Comida rápida",6.1298137,-75.3814526
Restaurante la comelona,Rionegro,Antioquia,Colombia, Restaurante,6.1532175,-75.3740357
El Tablon,Rionegro,Antioquia,Colombia, Restaurante,6.1309265,-75.3795737
J&N Burger,Rionegro,Antioquia,Colombia, Restaurante,6.1491615,-75.3681083
La badea,Rionegro,Antioquia,Colombia, Restaurante,6.1599195,-75.3723837
Gurban,Rionegro,Antioquia,Colombia, Restaurante,6.1281156,-75.3817037
Piketeando,Rionegro,Antioquia,Colombia," Restaurante, Comida rápida",6.1504002,-75.4204661
Don Gatto pizzería arte bar,Rionegro,Antioquia,Colombia," Pizzería, Pub y bar, Restaurante",6.1514,-75.3734066
Bon Appetit Gourmet,Rionegro,Antioquia,Colombia, Restaurante,6.1425021,-75.3789898
Mi Llano del Alma,Rionegro,Antioquia,Colombia," Restaurante, Pub y bar",6.1318522,-75.4002975
Tierra Viva - Natural y Orgánico. Restaurante.,Rionegro,Antioquia,Colombia, Restaurante,6.1219319,-75.3876632
La fondita aquella,Rionegro,Antioquia,Colombia," Restaurante, Barbacoa, Pub y bar",6.1278287,-75.4157505
Bistro Paisa,Rionegro,Antioquia,Colombia, Comida rápida,6.1539794,-75.3726221
El Merendero,Rionegro,Antioquia,Colombia, Restaurante,6.1311968,-75.3815616
Luis Pasta y Pizza Restaurante,Rionegro,Antioquia,Colombia," Pizzería, Restaurante",6.1255847,-75.4195353
Cocina De Dalila Parrilla Bar,Rionegro,Antioquia,Colombia," Pub y bar, Restaurante, Parrilla",6.1511911,-75.4155549
El Cartel De Las Empanadas,Rionegro,Antioquia,Colombia, Restaurante,6.1492502,-75.3860341
Bella Pasta - Llanogrande,Rionegro,Antioquia,Colombia," Restaurante, Italiana",6.125134,-75.4230838
Pepitos,Rionegro,Antioquia,Colombia, Restaurante,6.1533007,-75.3639448
Anitahumados,Rionegro,Antioquia,Colombia, Restaurante,6.1330287,-75.4068472
Del Anca Rodizio Parrilla Bar,Rionegro,Antioquia,Colombia," Restaurante, Parrilla, Pub y bar",6.165027,-75.3738234
Restaurante La Fortaleza,Rionegro,Antioquia,Colombia," Restaurante, Café",6.1585381,-75.3706935
Mirador Nuquí,Rionegro,Antioquia,Colombia," Marisco, Restaurante, Pub y bar",6.1652836,-75.4115332
Restaurante y Parrilla Dora,Rionegro,Antioquia,Colombia," Restaurante, Parrilla",6.1299157,-75.3811054
Charcutería Jn,Rionegro,Antioquia,Colombia, Restaurante,6.152373,-75.374705
Qsollados,Rionegro,Antioquia,Colombia, Restaurante,6.1480008,-75.3861219
Malibú,Rionegro,Antioquia,Colombia, Restaurante,6.1501352,-75.3954286
Latín sushi,Rionegro,Antioquia,Colombia," Sushi, Restaurante, China",6.1278701,-75.3814105
Kokoriko Aeropuerto Rionegro,Rionegro,Antioquia,Colombia, Restaurante,6.17097,-75.4280344
Pizza Express el porvenir,Rionegro,Antioquia,Colombia, Pizzería,6.1487066,-75.3904088
Pappas express,Rionegro,Antioquia,Colombia," Restaurante, Comida rápida",6.1488895,-75.3880795
Zona 46 Fast Food,Rionegro,Antioquia,Colombia," Restaurante, Comida rápida",6.1494223,-75.3673938
Mister Arepa,Rionegro,Antioquia,Colombia," Restaurante, Comida rápida",6.1539532,-75.3727453
Loro's PIZZA,Rionegro,Antioquia,Colombia," Pizzería, Restaurante, Comida rápida",6.1298137,-75.3814526
Naturals,Rionegro,Antioquia,Colombia," Restaurante, Barbacoa, Comida rápida, Pub y bar",6.1539047,-75.3731552
chippers_gourmet,Rionegro,Antioquia,Colombia," Restaurante, Comida rápida",6.1387863,-75.3792264
Café Guadalupe,Rionegro,Antioquia,Colombia," Restaurante, Coffee houses, Vegetarianos, Café, Pub y bar",6.1547241,-75.3731382
Salvajadas de mi tierra,Rionegro,Antioquia,Colombia, Restaurante,6.1468444,-75.3864214
Licorería La María,Rionegro,Antioquia,Colombia, Restaurante,6.147538,-75.387858
Comidas Rápidas Sabor Caleño,Rionegro,Antioquia,Colombia," Restaurante, Comida rápida",6.149309,-75.38612
Asadero Rapi Pollo,Rionegro,Antioquia,Colombia," Restaurante, Comida rápida",6.152024,-75.3744
Empanadas Rosita,Rionegro,Antioquia,Colombia," Restaurante, Comida rápida",6.1550779,-75.373977
Restaurante La Fortuna,Rionegro,Antioquia,Colombia," Restaurante, Comida rápida",6.1532,-75.372615
Piqueteadero Oriental,Rionegro,Antioquia,Colombia," Restaurante, Comida rápida",6.153801,-75.375434
Calanchos Dog Rionegro,Rionegro,Antioquia,Colombia," Restaurante, Comida rápida",6.1556115,-75.3742397
"Coma en Joes , Comida Típica Venezolana",Rionegro,Antioquia,Colombia," Restaurante, Comida rápida",6.1433677,-75.3730599
Paninos Sandwich & Cazuela,Rionegro,Antioquia,Colombia, Restaurante,6.1246644,-75.4231096
Asados El Chato,Rionegro,Antioquia,Colombia," Restaurante, Comida rápida",6.1557474,-75.3654371
Comidas Rapidas El Llanito,Rionegro,Antioquia,Colombia, Restaurante,6.1500132,-75.3954829
Andito’s BBQ,Rionegro,Antioquia,Colombia," Marisco, Barbacoa, Restaurante",6.1383369,-75.3850821
El Potero Estadero Bar,Rionegro,Antioquia,Colombia," Pub y bar, Barbacoa",6.1295742,-75.3807261
Arepas Alzarate,Rionegro,Antioquia,Colombia," Restaurante, Comida rápida",6.1530712,-75.3742985
Licores Oriente,Rionegro,Antioquia,Colombia," Restaurante, Pub y bar, Barbacoa",6.1293724,-75.3798537
Santorini - Pizzeria Bar Llanogrande,Rionegro,Antioquia,Colombia, Italiana,6.1538133,-75.4359649
Mas pizza Express,Rionegro,Antioquia,Colombia," Pizzería, Restaurante, Italiana",6.1298137,-75.3814526
The Fries,Rionegro,Antioquia,Colombia," Mexicana, Restaurante, Comida rápida",6.1274995,-75.3822598
Asados Y Parrilla La Cabana,Rionegro,Antioquia,Colombia," Restaurante, Parrilla",6.1284241,-75.3813566
heladeria la mansarda,Rionegro,Antioquia,Colombia, Café,6.1543498,-75.3724874
Mendell,Rionegro,Antioquia,Colombia," Vegetarianos, Restaurante",6.1490188,-75.3789523
Don Gatto,Rionegro,Antioquia,Colombia," Pizzería, Restaurante, Comida rápida",6.1514,-75.3734066
Presto,Rionegro,Antioquia,Colombia, Restaurante,6.170561,-75.4271936
Bar Centro Rionegro,Rionegro,Antioquia,Colombia," Pub y bar, Restaurante",6.152682,-75.3737699
Licorería Edival,Rionegro,Antioquia,Colombia, Restaurante,6.150571,-75.393481
Granero La Campanita,Rionegro,Antioquia,Colombia, Restaurante,6.1518228,-75.3772255
Restaurante San Remo,Rionegro,Antioquia,Colombia, Restaurante,6.147693,-75.38678
Supermercado Distrijara,Rionegro,Antioquia,Colombia, Restaurante,6.1473621,-75.3869394
Lubiexpress,Rionegro,Antioquia,Colombia," Pizzería, Restaurante",6.1600254,-75.3727092
Papagayo Restaurante,Rionegro,Antioquia,Colombia, Restaurante,6.1305186,-75.4120778
Brosty combos,Rionegro,Antioquia,Colombia, Restaurante,6.1580154,-75.3726444
"PESCAMOR Pescados, mariscos y carnes",Rionegro,Antioquia,Colombia, Restaurante,6.1274383,-75.4162875
Arepas De Queso LOS PITUFOS,Rionegro,Antioquia,Colombia, Restaurante,6.152765,-75.3634402
Al Mar y algo mas,Rionegro,Antioquia,Colombia, Restaurante,6.1553706,-75.3727797
Tu antojo del sabor venezolano,Rionegro,Antioquia,Colombia, Restaurante,6.1499753,-75.3928506
Tribal Park Llanogrande,Rionegro,Antioquia,Colombia, Restaurante,6.1270848,-75.422305
RAMÉ Resto & Coffee,Rionegro,Antioquia,Colombia," Coffee houses, Restaurante, Café",6.1318161,-75.3791553
La Paella de Pedro Palmer,Rionegro,Antioquia,Colombia, Restaurante,6.125303,-75.4234087
Carpanta Food,Rionegro,Antioquia,Colombia, Restaurante,6.1490188,-75.3789523
Comida Rápidas ricuras rionegro,Rionegro,Antioquia,Colombia, Restaurante,6.1304063,-75.3813262
Discoteca Asados Fonda La Gotera,Rionegro,Antioquia,Colombia," Club, Restaurante, Comida rápida",6.129735,-75.3805129
Don de Queso,Rionegro,Antioquia,Colombia," Coffee houses, Restaurante, Café",6.146441,-75.3800293
Comidas Rápidas La Fogata,Rionegro,Antioquia,Colombia," Restaurante, Comida rápida",6.1522985,-75.3733236
Empanadas Doña Juana,Rionegro,Antioquia,Colombia," Restaurante, Comida rápida",6.154219,-75.372685
La Paisita Empanadas Y Arepas,Rionegro,Antioquia,Colombia," Restaurante, Comida rápida",6.1530712,-75.3742985
A la Parrilla,Rionegro,Antioquia,Colombia," Barbacoa, Restaurante, Parrilla",6.165027,-75.3738234
Restaurante El Buen Gusto,Rionegro,Antioquia,Colombia, Restaurante,6.1542144,-75.3705052
Restaurante Rancho LLanogrande,Rionegro,Antioquia,Colombia, Restaurante,6.133463,-75.4283735
"La Mega, Comidas & Bebidas.",Rionegro,Antioquia,Colombia, Restaurante,6.140014,-75.3726082
Donde Chulo,Rionegro,Antioquia,Colombia, Restaurante,6.1574765,-75.3735109
Taco mex,Rionegro,Antioquia,Colombia, Restaurante,6.1315898,-75.4008799
Restaurante el Rancho del Gordo,Rionegro,Antioquia,Colombia, Restaurante,6.1532166,-75.3742401
"Asados ""A 3 Cu4rtos""",Rionegro,Antioquia,Colombia, Restaurante,6.1482885,-75.3867329
Bar La Bomba,Rionegro,Antioquia,Colombia, Pub y bar,6.151343,-75.38499
Restaurante El Campesino,Rionegro,Antioquia,Colombia, Restaurante,6.1579119,-75.371203
Bar Búfalo,Rionegro,Antioquia,Colombia," Pub y bar, Restaurante",6.129188,-75.380044
Restaurante La Dama Juana,Rionegro,Antioquia,Colombia, Restaurante,6.1412,-75.377268
La Cocina de Dulcinea,Rionegro,Antioquia,Colombia," Restaurante, Pub y bar, Barbacoa",6.1490188,-75.3789523
Restaurante Sazón Al Toque,Rionegro,Antioquia,Colombia, Restaurante,6.129834,-75.381397
Restaurante Dary,Rionegro,Antioquia,Colombia, Restaurante,6.1524221,-75.3724256
Cafetería Restaurante los Tráiler,Rionegro,Antioquia,Colombia, Restaurante,6.1412642,-75.3770093
Derek panadería artesanal,Rionegro,Antioquia,Colombia, Restaurante,6.0932211,-75.3328299
Dondechepaparillabar,Rionegro,Antioquia,Colombia, Restaurante,6.1387863,-75.3792264
Santa Leña - Jardines de Llanogrande,Rionegro,Antioquia,Colombia, Restaurante,6.1242945,-75.4210996
Alitas Rellenas de San Antonio,Rionegro,Antioquia,Colombia," Barbacoa, Restaurante",6.1295273,-75.3799951
Pizzas J&G Llanogrande,Rionegro,Antioquia,Colombia," Pizzería, Restaurante",6.1230025,-75.420874
Di llanos Pizzería Rionegro,Rionegro,Antioquia,Colombia," Pizzería, Restaurante",6.1304374,-75.38129
Donde Rubi Rionegro,Rionegro,Antioquia,Colombia, Restaurante,6.1587708,-75.3679631
restaurante-parrilla Delight steak house,Rionegro,Antioquia,Colombia," Restaurante, Parrilla",6.1208342,-75.3776512
"Panaderia Y Comidas Rapidas LA ""47""",Rionegro,Antioquia,Colombia, Restaurante,6.152016,-75.3754518
BRASAS DE COLOMBIA,Rionegro,Antioquia,Colombia, Restaurante,6.1476101,-75.386897
Restaurante La Macarena,Rionegro,Antioquia,Colombia, Restaurante,6.1493287,-75.3574841
El blasón granja,Rionegro,Antioquia,Colombia, Restaurante,6.1077405,-75.4224567
Fonda Los Tejados,Rionegro,Antioquia,Colombia, Restaurante,6.130255,-75.380539
Restaurante El Bohío,Rionegro,Antioquia,Colombia," Restaurante, Comida rápida",6.154993,-75.372204
Comidas Rápidas Punto Como,Rionegro,Antioquia,Colombia," Restaurante, Comida rápida",6.129847,-75.380837
Heladería y frutería [Tommy Frozen Yogurt] Domicilios en Rionegro,Rionegro,Antioquia,Colombia," Cafetería, Postres",6.1526087,-75.3835142
"Hamburguesería y Restaurante ""El Paisa""",Rionegro,Antioquia,Colombia, Restaurante,6.1480008,-75.3861219
Emisora Paz de Selva Verde,Rionegro,Antioquia,Colombia, Restaurante,6.1519506,-75.3584661
TUCO GOL,Rionegro,Antioquia,Colombia, Restaurante,6.15361,-75.36156
Picante y Guacamole,Rionegro,Antioquia,Colombia, Restaurante,6.1473793,-75.3874537
Q'Delicia,Rionegro,Antioquia,Colombia, Restaurante,6.1487373,-75.3878984
Asados San Lorenzo,Rionegro,Antioquia,Colombia, Restaurante,6.1606351,-75.372882
San Paolo,Rionegro,Antioquia,Colombia, Restaurante,6.1315922,-75.4007611
Lala Sabores Alternativos,Rionegro,Antioquia,Colombia, Restaurante,6.1500759,-75.3855623
Bar Bartolomé,Rionegro,Antioquia,Colombia," Pub y bar, Restaurante",6.149348,-75.3860459
Bar Las Delicias,Rionegro,Antioquia,Colombia," Restaurante, Pub y bar",6.129025,-75.38102
Licorera El Barril,Rionegro,Antioquia,Colombia," Restaurante, Pub y bar",6.129626,-75.380162
Restaurante Paladares,Rionegro,Antioquia,Colombia, Restaurante,6.154416,-75.372945
Mercado Continental,Rionegro,Antioquia,Colombia, Restaurante,6.1538259,-75.374902
Supermercado El Gran Arriero,Rionegro,Antioquia,Colombia, Restaurante,6.155683,-75.368245
DÓNDE PACHO SUCURSAL RIONEGRO,Rionegro,Antioquia,Colombia," Restaurante, Comida rápida",6.1492209,-75.3681021
La galgueria,Rionegro,Antioquia,Colombia," Restaurante, Comida rápida",6.1307227,-75.3803249
Restaurante #3 el Familiar,Rionegro,Antioquia,Colombia, Restaurante,6.1567273,-75.3693842
Ginza roll & wok,Rionegro,Antioquia,Colombia, Sushi,6.1317079,-75.3988172
Youssef Tastes,Rionegro,Antioquia,Colombia, Restaurante,6.1287846,-75.3818073
Comida de Mar y Parrilla,Rionegro,Antioquia,Colombia," Restaurante, Parrilla",6.1273606,-75.3831674
KIN SUSHI BAR,Rionegro,Antioquia,Colombia," Sushi, Restaurante, Pub y bar",6.1289053,-75.3800834
The royal burger,Rionegro,Antioquia,Colombia, Restaurante,6.129006,-75.3813627
picnic on the train,Rionegro,Antioquia,Colombia, Restaurante,6.1938383,-75.3580895
Comidas Rápidas Maxi Pan Y Punto,Rionegro,Antioquia,Colombia," Restaurante, Comida rápida",6.1567352,-75.3716461
Restaurante Riko Priko,Rionegro,Antioquia,Colombia," Marisco, Restaurante, Comida rápida",6.1468578,-75.3796381
Restaurante Rio Negro,Rionegro,Antioquia,Colombia, Restaurante,6.1535133,-75.3727321
Shawarma El Chamo,Rionegro,Antioquia,Colombia, Restaurante,6.1303964,-75.3796934
Taberna Punto,Rionegro,Antioquia,Colombia, Restaurante,6.129026,-75.380068
Taberna Bar Pa' Lo Alto,Rionegro,Antioquia,Colombia," Pub y bar, Restaurante",6.130291,-75.380528
Compras El Mejor Precio,Rionegro,Antioquia,Colombia, Restaurante,6.156825,-75.370912
.,Rionegro,Antioquia,Colombia," Restaurante, China",6.1490188,-75.3789523
Restaurante - Bar Mis Caprichos,Rionegro,Antioquia,Colombia," Pub y bar, Restaurante",6.1257448,-75.4191671
Palmavilla Llanogrande,Rionegro,Antioquia,Colombia, Restaurante,6.1273932,-75.4158236
Las Ricuras De La Abuela,Rionegro,Antioquia,Colombia, Restaurante,6.1251663,-75.4220197
La Taqueria,Rionegro,Antioquia,Colombia, Restaurante,6.1462021,-75.3793792
Pizzería Mansarda,Rionegro,Antioquia,Colombia," Pizzería, Restaurante, Comida rápida",6.154454,-75.372541
Wings Station,Rionegro,Antioquia,Colombia, Restaurante,6.1366215,-75.3893084
The Celler,Rionegro,Antioquia,Colombia," Restaurante, Pub y bar",6.1474918,-75.3785739
Licorería Liquor Blue,Rionegro,Antioquia,Colombia, Restaurante,6.149115,-75.386184
Restaurante La Finca,Rionegro,Antioquia,Colombia, Restaurante,6.158934,-75.369716
LE'MIAN HandRoll's,Rionegro,Antioquia,Colombia," Sushi, Restaurante",6.146464,-75.3886681
Alan's Pizza,Rionegro,Antioquia,Colombia," Pizzería, Restaurante",6.1821392,-75.3915773
Los Totos,Rionegro,Antioquia,Colombia," Restaurante, Comida rápida",6.1288747,-75.381695
El mirador de jimmy,Rionegro,Antioquia,Colombia," Restaurante, Comida rápida",6.1852206,-75.4088766
LA HAMBURGUESERÍA ARTESANAL,Rionegro,Antioquia,Colombia, Restaurante,6.1559316,-75.3761883
Sushi Market,Rionegro,Antioquia,Colombia," Restaurante, Sushi",6.1228565,-75.4253754
Di cappella restaurante italiano,Rionegro,Antioquia,Colombia," Restaurante, Italiana",6.1312578,-75.399262
D'burgers,Rionegro,Antioquia,Colombia, Restaurante,6.1311378,-75.3802828
Il Forno Colombia,Rionegro,Antioquia,Colombia," Restaurante, Italiana",6.1475138,-75.3781471
Mar y Fuego,Rionegro,Antioquia,Colombia," Marisco, Restaurante",6.136922,-75.3911333
Mezza Pizza,Rionegro,Antioquia,Colombia," Pizzería, Restaurante, Comida rápida",6.1469762,-75.3796354
Comida Rápida San Antonio Papitas,Rionegro,Antioquia,Colombia," Restaurante, Comida rápida",6.129383,-75.38002
Comidas Rápidas Trigo Mar,Rionegro,Antioquia,Colombia," Restaurante, Comida rápida",6.157705,-75.370586
Brosty Asados,Rionegro,Antioquia,Colombia," Restaurante, Comida rápida",6.153309,-75.374844
Comidas El Bizcocho,Rionegro,Antioquia,Colombia," Restaurante, Comida rápida",6.155422,-75.372123
Ópera Pizza,Rionegro,Antioquia,Colombia," Pizzería, Restaurante, Comida rápida",6.151459,-75.373485
Restaurante San Miguel,Rionegro,Antioquia,Colombia," Restaurante, Comida rápida",6.154656,-75.373209
Como Caído del Cielo,Rionegro,Antioquia,Colombia, Restaurante,6.1403288,-75.3787746
Elidelicias,Rionegro,Antioquia,Colombia, Restaurante,6.1497866,-75.3853971
Restaurante Ebano,Rionegro,Antioquia,Colombia, Restaurante,6.1726144,-75.4354965
Cafeteria Yrestaurante Laureles,Rionegro,Antioquia,Colombia," Restaurante, Cafetería",6.1589929,-75.3723002
Restaurante La Casita de Pola,Rionegro,Antioquia,Colombia, Restaurante,6.1487382,-75.3903615
LOS VERDES DE RIONEGRO,Rionegro,Antioquia,Colombia, Restaurante,6.1477123,-75.3787403
360 Rio Sabor Restaurante,Rionegro,Antioquia,Colombia, Restaurante,6.1647152,-75.3738815
LA TAQUERIA MEXICAN FOOD,Rionegro,Antioquia,Colombia," Mexicana, Restaurante",6.1311818,-75.3987551
Santa Leña,Rionegro,Antioquia,Colombia, Restaurante,6.1242945,-75.4210996
Restaurante la Ruta,Rionegro,Antioquia,Colombia," Restaurante, Comida rápida",6.1421795,-75.3730831
Cuatrimoteando Rionegro,Rionegro,Antioquia,Colombia, Restaurante,6.1502506,-75.4196684
La Pizzerìa,Rionegro,Antioquia,Colombia," Pizzería, Restaurante",6.1484054,-75.3864557
Restaurante Bar Noa Noa,Rionegro,Antioquia,Colombia," Pub y bar, Restaurante",6.128742,-75.3797688
Restaurante el buen gusto,Rionegro,Antioquia,Colombia, Restaurante,6.1542144,-75.3705052
Paninos Llanogrande - Antioquia.,Rionegro,Antioquia,Colombia," Marisco, Restaurante",6.1246644,-75.4231096
Mr. Bruno Hot dogs,Rionegro,Antioquia,Colombia," Restaurante, Comida rápida",6.1382876,-75.3849659
Las Mil y una noches Llanogrande,Rionegro,Antioquia,Colombia," Restaurante, Pub y bar",6.1279469,-75.3820088
Delicias Niña Fanny,Rionegro,Antioquia,Colombia, Restaurante,6.1481199,-75.396175
Filipino Food,Rionegro,Antioquia,Colombia, Restaurante,6.1680459,-75.3371134
Pataconiando Rionegro,Rionegro,Antioquia,Colombia," Restaurante, Comida rápida",6.1501226,-75.3930594
La Gaufrette,Rionegro,Antioquia,Colombia," Postres, Restaurante",6.1510345,-75.391064
Pizza Express,Rionegro,Antioquia,Colombia," Pizzería, Restaurante",6.1298137,-75.3814526
El Rancho De Juanda Uco.,Rionegro,Antioquia,Colombia, Restaurante,6.1557529,-75.375947
Comidas Rápidas Viernes,Rionegro,Antioquia,Colombia," Restaurante, Comida rápida",6.1290639,-75.380058
Restaurante Cítrico Crossover Lounch,Rionegro,Antioquia,Colombia," Restaurante, Comida rápida",6.148384,-75.386465
Milán Bar Y Pizzería,Rionegro,Antioquia,Colombia," Pizzería, Pub y bar, Restaurante, Comida rápida",6.1545569,-75.373258
El Paisa Asados,Rionegro,Antioquia,Colombia, Barbacoa,6.15564,-75.373135
Asadero Brost Y Pan,Rionegro,Antioquia,Colombia," Restaurante, Comida rápida",6.153205,-75.37316
Paliqueso Empanada Chilena,Rionegro,Antioquia,Colombia," Restaurante, Comida rápida",6.153186,-75.37335
Pepitos6,Rionegro,Antioquia,Colombia, Restaurante,6.1490188,-75.3789523
Carbon & Parrilla Restaurante - Bar,Rionegro,Antioquia,Colombia," Pub y bar, Barbacoa, Restaurante, Parrilla",6.165027,-75.3738234
Piña Karaoke,Rionegro,Antioquia,Colombia," Barbacoa, Restaurante, Pub y bar",6.1550313,-75.3739327
Supermercado Las Margaritas,Rionegro,Antioquia,Colombia, Restaurante,6.127999,-75.381908
Santa Ana Sandwich & Burguer,Rionegro,Antioquia,Colombia," Restaurante, Comida rápida",6.1311529,-75.3813961
Mr. Bruno,Rionegro,Antioquia,Colombia," Restaurante, Comida rápida",6.1382876,-75.3849659
Kekomo,Rionegro,Antioquia,Colombia," Restaurante, Comida rápida",6.1490188,-75.3789523
Sector7G Drinks & Food,Rionegro,Antioquia,Colombia," Barbacoa, Restaurante, Pub y bar",6.1535133,-75.3727321
Mar y Tierra,Rionegro,Antioquia,Colombia," Marisco, Restaurante",6.1552591,-75.3723512
PUNTO CALIENTE sazón y sabor,Rionegro,Antioquia,Colombia, Restaurante,6.1490188,-75.3789523
Mis carnes parrilla,Rionegro,Antioquia,Colombia," Restaurante, Parrilla",6.1797713,-75.4347313
Mar y Tierra,Rionegro,Antioquia,Colombia," Marisco, Restaurante",6.1552591,-75.3723512
STUNT FOOD,Rionegro,Antioquia,Colombia," Restaurante, Comida rápida",6.1480008,-75.3861219
"Pasteles De Pollo, Empanadas Deliciosos.",Rionegro,Antioquia,Colombia, Restaurante,6.1859615,-75.377324
restaurante Emparepas,Rionegro,Antioquia,Colombia, Restaurante,6.1482916,-75.3864015
The Rib House By Rio Vio,Rionegro,Antioquia,Colombia," Restaurante, Barbacoa, Pub y bar",6.1490188,-75.3789523
Barlovento PIZZA BAR,Rionegro,Antioquia,Colombia," Pub y bar, Pizzería, Restaurante",6.1568665,-75.3748042
Soccer Center,Rionegro,Antioquia,Colombia," Restaurante, Pub y bar",6.173581,-75.433007
The RIB House,Rionegro,Antioquia,Colombia," Barbacoa, Restaurante",6.1368,-75.390995
Martinika,Rionegro,Antioquia,Colombia," Restaurante, Pub y bar",6.1313072,-75.3813923
Bar Tequilazo,Rionegro,Antioquia,Colombia," Pub y bar, Restaurante",6.149145,-75.386913
Restaurante Rincón Típico,Rionegro,Antioquia,Colombia, Restaurante,6.157347,-75.369801
Taberna La Mulada,Rionegro,Antioquia,Colombia, Restaurante,6.152827,-75.363454
Restaurante Las Acacias,Rionegro,Antioquia,Colombia, Restaurante,6.153893,-75.37529
Restaurante La Terminal,Rionegro,Antioquia,Colombia," Marisco, Restaurante",6.151178,-75.373152
Restaurante El Diamante,Rionegro,Antioquia,Colombia, Restaurante,6.158449,-75.370752
Granero Tres Esquinas El Pelón,Rionegro,Antioquia,Colombia, Restaurante,6.1521039,-75.377857
Maqui,Rionegro,Antioquia,Colombia, Restaurante,6.1533534,-75.3705605
Brasas y brosty,Rionegro,Antioquia,Colombia, Restaurante,6.1540201,-75.3744349
Restaurante El Único,Rionegro,Antioquia,Colombia, Restaurante,6.1589488,-75.3697568
La Maizalera,Rionegro,Antioquia,Colombia, Restaurante,6.1489249,-75.3865507
Dulce parrilla,Rionegro,Antioquia,Colombia," Restaurante, Parrilla",6.1478139,-75.3827952
Antojería Burger and Beer,Rionegro,Antioquia,Colombia," Pub y bar, Restaurante",6.1253799,-75.4233624
Deli Alitas Express Rionegro,Rionegro,Antioquia,Colombia, Restaurante,6.1490472,-75.3880401
Herrero restaurante,Rionegro,Antioquia,Colombia, Restaurante,6.1268666,-75.4216875
4&CO by Los Valles Deshidratados,Rionegro,Antioquia,Colombia, Restaurante,6.1309692,-75.3988178
Sabrosuras del Mar,Rionegro,Antioquia,Colombia, Restaurante,6.1538514,-75.3739511
World Famous BBQ Smoken Ribs,Rionegro,Antioquia,Colombia," Barbacoa, Restaurante",6.1368,-75.390995
Huellas paisas,Rionegro,Antioquia,Colombia, Restaurante,6.150497,-75.3921048
Templo de los Ricos Pasteles,Rionegro,Antioquia,Colombia, Restaurante,6.1491871,-75.3860593
Restaurante Ahora Pollo,Rionegro,Antioquia,Colombia," Restaurante, Comida rápida",6.155214,-75.37212
Restaurante Ricuras de La 47,Rionegro,Antioquia,Colombia, Restaurante,6.152101,-75.374099
Charcutería La Esquina,Rionegro,Antioquia,Colombia, Restaurante,6.1258551,-75.4197787
Restaurante Maná,Rionegro,Antioquia,Colombia, Restaurante,6.154775,-75.370644
Restaurante Don Tomás,Rionegro,Antioquia,Colombia, Restaurante,6.157018,-75.370139
Bar Córdoba,Rionegro,Antioquia,Colombia," Pub y bar, Restaurante",6.1544169,-75.374216
Comidas Club Social Torremolino,Rionegro,Antioquia,Colombia," Club, Restaurante",6.154796,-75.374046
Bar Bilbao,Rionegro,Antioquia,Colombia," Pub y bar, Restaurante",6.1484759,-75.386346
Bar V 5to,Rionegro,Antioquia,Colombia," Pub y bar, Restaurante",6.129133,-75.380055
Bar Drinks And More,Rionegro,Antioquia,Colombia," Pub y bar, Restaurante",6.129275,-75.380038
Bar Club Social Géminis,Rionegro,Antioquia,Colombia," Pub y bar, Club, Restaurante",6.1478,-75.3866479
Granero El Planito,Rionegro,Antioquia,Colombia, Restaurante,6.150022,-75.395779
Licorería La Favorita,Rionegro,Antioquia,Colombia, Restaurante,6.156035,-75.371253
Carnicería Gusto Carnes,Rionegro,Antioquia,Colombia, Restaurante,6.1278309,-75.382296
Compras El Revolcón Distri,Rionegro,Antioquia,Colombia, Restaurante,6.155964,-75.370624
Bar Equinoccio,Rionegro,Antioquia,Colombia," Pub y bar, Restaurante",6.155109,-75.373961
Bar Centro Social La Caponera,Rionegro,Antioquia,Colombia," Pub y bar, Restaurante",6.153532,-75.375338
Donde Julio,Rionegro,Antioquia,Colombia, Restaurante,6.1550494,-75.3732139
ORIGAMI SUSHI,Rionegro,Antioquia,Colombia," Sushi, Restaurante",6.1644376,-75.3688291
So Happy Más,Rionegro,Antioquia,Colombia, Restaurante,6.1471325,-75.3779047
Ramirez Arana Catering,Rionegro,Antioquia,Colombia, Restaurante,6.1755858,-75.4281127
Backenballs,Rionegro,Antioquia,Colombia, Restaurante,6.1530607,-75.373882
Sabor latino,Rionegro,Antioquia,Colombia, Restaurante,6.1500759,-75.3855623
La Wafflera San Antonio,Rionegro,Antioquia,Colombia, Restaurante,6.1300956,-75.3805821
Wild Wings & Co,Rionegro,Antioquia,Colombia, Restaurante,6.1311812,-75.3989734
Kokoriko C.C. San Nicolás,Rionegro,Antioquia,Colombia, Restaurante,6.147104,-75.3783109
Time Out Sports Bar,Rionegro,Antioquia,Colombia, Pub y bar,6.172836,-75.5869637
"Pike Pizzeria, Cocina Italiana.",Rionegro,Antioquia,Colombia," Pizzería, Restaurante, Italiana",6.1274188,-75.3825872
Restaurante El Potrero,Rionegro,Antioquia,Colombia," Barbacoa, Restaurante",6.1295742,-75.3807261
Frutinal S.A.S,Rionegro,Antioquia,Colombia, Restaurante,6.1881571,-75.5798404
Bistro Paisa,Rionegro,Antioquia,Colombia," Restaurante, Comida rápida",6.1539794,-75.3726221
Counter Culture,Rionegro,Antioquia,Colombia, Restaurante,6.1320559,-75.3996474
Anditos BBQ (Authentic Southern BBQ),Rionegro,Antioquia,Colombia," Barbacoa, Restaurante",6.1383369,-75.3850821
The Burger Company,Rionegro,Antioquia,Colombia," Restaurante, Comida rápida",6.1480008,-75.3861219
Media Luna San Antonio,Rionegro,Antioquia,Colombia, Restaurante,6.13,-75.3802778
Gastro Art,Rionegro,Antioquia,Colombia, Restaurante,6.1470023,-75.3795467
Sea Paradise,Rionegro,Antioquia,Colombia, Restaurante,6.1597038,-75.4121625
El Chef Polo,Rionegro,Antioquia,Colombia, Restaurante,6.1552911,-75.3720293
D´elihelatto,Rionegro,Antioquia,Colombia, Restaurante,6.1486859,-75.3684923
Restaurante Costeño Rionegro,Rionegro,Antioquia,Colombia, Restaurante,6.1408358,-75.3787806
Dulce Mañana De Oriente,Rionegro,Antioquia,Colombia," Comida rápida, Restaurante",6.1301262,-75.3805849
Juanchos Restaurante,Rionegro,Antioquia,Colombia, Restaurante,6.1519061,-75.3772899
Sabores gourmet fast food,Rionegro,Antioquia,Colombia," Restaurante, Comida rápida",6.1553358,-75.3719026
Comidas Rapidas Y Asados Lenox,Rionegro,Antioquia,Colombia, Restaurante,6.1284933,-75.381357
“Paninos” Sandwich & Cafe,Rionegro,Antioquia,Colombia," Restaurante, Café",6.1246644,-75.4231096
Sabor paisa panadería y restaurante.,Rionegro,Antioquia,Colombia, Restaurante,6.1605595,-75.3689473
J&C Delicias Express,Rionegro,Antioquia,Colombia, Restaurante,6.144837,-75.375085
RESTAURANTE DELICIAS DE DOÑA OTTI,Rionegro,Antioquia,Colombia, Restaurante,6.1306057,-75.3832505
Catando cafe,Rionegro,Antioquia,Colombia," Restaurante, Café",6.1490625,-75.368987
BURGUÉS GOURMET,Rionegro,Antioquia,Colombia, Restaurante,6.144837,-75.375085
Delimaná,Rionegro,Antioquia,Colombia, Restaurante,6.1530607,-75.373882
Fusioncaferestaurante,Rionegro,Antioquia,Colombia, Restaurante,6.1483098,-75.3868473
Special Cakes Llanogrande,Rionegro,Antioquia,Colombia," Postres, Restaurante",6.1243931,-75.4204827
Kaboom Fast Food,Rionegro,Antioquia,Colombia," Comida rápida, Restaurante",6.1480008,-75.3861219
Queen's Food,Rionegro,Antioquia,Colombia, Restaurante,6.1367032,-75.3915901
Queen’sfood,Rionegro,Antioquia,Colombia, Restaurante,6.1572038,-75.371272
Las Fritas San Antonio,Rionegro,Antioquia,Colombia, Restaurante,6.1295157,-75.3805986
Cipriani no oficial,Rionegro,Antioquia,Colombia, Restaurante,6.138372,-75.3851725
Paladar de Reyes,Rionegro,Antioquia,Colombia, Restaurante,6.154416,-75.372945
Tamales Jose,Rionegro,Antioquia,Colombia, Restaurante,6.1274926,-75.3825332
Donde Quieras,Rionegro,Antioquia,Colombia," Restaurante, Cafetería",6.1535504,-75.373938
Bulevar Cafe,Rionegro,Antioquia,Colombia," Restaurante, Café",6.1524633,-75.3748389
Tres burguer n' ribs,Rionegro,Antioquia,Colombia, Restaurante,6.1287496,-75.3812343
Entrecorte restaurante parrilla express,Rionegro,Antioquia,Colombia," Parrilla, Barbacoa, Pub y bar, Restaurante",6.1530849,-75.4087579
DONER MIX,Rionegro,Antioquia,Colombia, Restaurante,6.148675,-75.38634
Licorera Tabaco Y Caney,Rionegro,Antioquia,Colombia, Restaurante,6.154495,-75.372482
Bar Santelmo,Rionegro,Antioquia,Colombia," Pub y bar, Restaurante",6.1301923,-75.3797836
Bar Voces de Antaño,Rionegro,Antioquia,Colombia," Pub y bar, Restaurante",6.155057,-75.373986
Almacén Multicompras,Rionegro,Antioquia,Colombia, Restaurante,6.1532539,-75.372698
Bar La Campiña,Rionegro,Antioquia,Colombia," Pub y bar, Restaurante",6.15458,-75.374965
Licorería Licolarte,Rionegro,Antioquia,Colombia, Restaurante,6.129348,-75.380027
Cigarrería Don Pepe,Rionegro,Antioquia,Colombia, Restaurante,6.152682,-75.373526
Supercarnes,Rionegro,Antioquia,Colombia, Restaurante,6.153371,-75.371768
Discoteca Bar Juanes,Rionegro,Antioquia,Colombia," Pub y bar, Club, Restaurante",6.154699,-75.374084
Tienda La Flor del Alba,Rionegro,Antioquia,Colombia, Restaurante,6.1519579,-75.376173
Restaurante Industriales,Rionegro,Antioquia,Colombia, Restaurante,6.157324,-75.368726
Rancho Bar Los Estribos,Rionegro,Antioquia,Colombia," Pub y bar, Restaurante",6.1296989,-75.380726
Lácteos Y Cárnicos Mar Azul,Rionegro,Antioquia,Colombia, Restaurante,6.12913,-75.380135
Restaurante La Salud,Rionegro,Antioquia,Colombia, Restaurante,6.15826,-75.371027
Taberna Cheroky Kyn,Rionegro,Antioquia,Colombia, Restaurante,6.148377,-75.386767
Compras Autoservicio,Rionegro,Antioquia,Colombia, Restaurante,6.156773,-75.371517
Portillo Restaurant,Rionegro,Antioquia,Colombia, Restaurante,6.1367032,-75.3915901
Parrilla y sabor,Rionegro,Antioquia,Colombia," Parrilla, Restaurante",6.1487882,-75.3958396
Canela Flowers Coffee,Rionegro,Antioquia,Colombia," Coffee houses, Restaurante",6.1275716,-75.380758
Don Antonio Café,Rionegro,Antioquia,Colombia," Coffee houses, Restaurante, Café",6.1308264,-75.3804068
El Punto Saludable Ríonegro,Rionegro,Antioquia,Colombia, Restaurante,6.1531719,-75.4058969
Panaderia Gualanday,Rionegro,Antioquia,Colombia, Restaurante,6.1383423,-75.3847021
Crispan Rionegro,Rionegro,Antioquia,Colombia," Postres, Restaurante",6.1540491,-75.3744359
El encanto sabor y frescura natural,Rionegro,Antioquia,Colombia, Restaurante,6.153226,-75.372862
Restaurantes en Rionegro y Llanogrande,Rionegro,Antioquia,Colombia," Barbacoa, Pub y bar, Restaurante",6.1244352,-75.423408
La Casa del Pan De Queso,Rionegro,Antioquia,Colombia, Restaurante,6.154308,-75.370707
Fonda El Portal,Rionegro,Antioquia,Colombia, Restaurante,6.128808,-75.381179
Food Magic JC,Rionegro,Antioquia,Colombia," Comida rápida, Restaurante",6.1483198,-75.3863932
sabor PIZZA,Rionegro,Antioquia,Colombia," Pizzería, Restaurante",6.1557284,-75.3759408
Lazzaruspizzas,Rionegro,Antioquia,Colombia," Pizzería, Restaurante",6.157113,-75.3728598
Pizzas happy,Rionegro,Antioquia,Colombia," Pizzería, Restaurante",6.1580595,-75.372626
Sushi Market,Rionegro,Antioquia,Colombia," Sushi, Restaurante",6.1228565,-75.4253754
El Sabor que te Encanta,Rionegro,Antioquia,Colombia," Comida rápida, Restaurante",6.1491016,-75.3681198
Papa John's Pizza,Rionegro,Antioquia,Colombia," Pizzería, Comida rápida, Restaurante",6.116611,-75.4234616
Domino's Pizza,Rionegro,Antioquia,Colombia," Pizzería, Comida rápida, Restaurante",6.1507711,-75.3908781
Presto Rgn Aerp Jose M,Rionegro,Antioquia,Colombia," Comida rápida, Restaurante",6.1707937,-75.4275863
Caliche Ceviche,Rionegro,Antioquia,Colombia," Comida rápida, Restaurante",6.2302126,-75.5701528
M&R Ricuras Venezolanas,Rionegro,Antioquia,Colombia," Restaurante, Comida rápida",6.1286816,-75.379718
Majoma Express Parrilla,Rionegro,Antioquia,Colombia," Barbacoa, Pub y bar, Parrilla, Restaurante",6.1490188,-75.3789523
Comidas Rápidas Caña Dulce,Rionegro,Antioquia,Colombia," Comida rápida, Restaurante",6.154164,-75.3731619
Comidas Rápidas Delicia Oriental,Rionegro,Antioquia,Colombia," Comida rápida, Restaurante",6.157077,-75.370849
Comidas Rápidas Punto de Encuentro,Rionegro,Antioquia,Colombia," Restaurante, Comida rápida",6.129296,-75.380129
Pollo Frito Pinky,Rionegro,Antioquia,Colombia," Restaurante, Comida rápida",6.152287,-75.373805
Gratinados y Lasagnas de La Casa,Rionegro,Antioquia,Colombia," Pizzería, Restaurante, Comida rápida",6.141178,-75.377309
Restaurante Mr Pollo Y Chocolera,Rionegro,Antioquia,Colombia," Restaurante, Comida rápida",6.1539532,-75.3727453
O'NDE PIPE,Rionegro,Antioquia,Colombia," Restaurante, Comida rápida",6.1561688,-75.3711322
Oasis Pizza,Rionegro,Antioquia,Colombia," Pizzería, Restaurante",6.151308,-75.3735314
El Cubano Sandwichs,Rionegro,Antioquia,Colombia," Restaurante, Comida rápida",6.147104,-75.3783109
Subway Colombia,Rionegro,Antioquia,Colombia," Restaurante, Comida rápida",6.1534026,-75.3747401
Frutos del Mar al Paladar,Rionegro,Antioquia,Colombia," Marisco, Restaurante",6.1276396,-75.3820229
FOGATA Burger & Ribs,Rionegro,Antioquia,Colombia, Restaurante,6.1268705,-75.4218279
VIPColombiaPoker,Rionegro,Antioquia,Colombia, Restaurante,6.1387863,-75.3792264
Cafeteria Y Restaurante El Divino Niño,Rionegro,Antioquia,Colombia," Cafetería, Restaurante",6.1552301,-75.3702534
Peccati,Rionegro,Antioquia,Colombia, Restaurante,6.1522694,-75.3710633
Pollos Kokoliso,Rionegro,Antioquia,Colombia, Restaurante,6.1487799,-75.3684459
La Ruta luch and fast food,Rionegro,Antioquia,Colombia," Restaurante, Comida rápida",6.1421795,-75.3730831
La estación,Rionegro,Antioquia,Colombia, Restaurante,6.1490362,-75.3908511
La Cuarta Estación,Rionegro,Antioquia,Colombia, Restaurante,6.1305724,-75.3788685
Bamboo restaurante comida mexicana,Rionegro,Antioquia,Colombia," Mexicana, Restaurante",6.1280156,-75.3815089
The hot dog station,Rionegro,Antioquia,Colombia, Restaurante,6.1608112,-75.3741167
Santorini Pizzería Bar Llanogrande,Rionegro,Antioquia,Colombia," Pub y bar, Pizzería, Restaurante",6.1538133,-75.4359649
Finca La Maria,Rionegro,Antioquia,Colombia, Restaurante,6.1490188,-75.3789523
Entre parceros y panas,Rionegro,Antioquia,Colombia, Restaurante,6.1573016,-75.3750983
Restaurante Rosita,Rionegro,Antioquia,Colombia, Restaurante,6.1532875,-75.3724701
Mar y y tierra asados,Rionegro,Antioquia,Colombia, Restaurante,6.1552591,-75.3723512
COMIDAS RÁPIDAS Y HELADOS TRES CANTOS,Rionegro,Antioquia,Colombia, Restaurante,6.1549321,-75.3829523
La Maizalera,Rionegro,Antioquia,Colombia, Restaurante,6.1489249,-75.3865507
Nebula burger,Rionegro,Antioquia,Colombia, Restaurante,6.1209831,-75.3780544
EL NOGAL CAFÉ,Rionegro,Antioquia,Colombia," Restaurante, Café",6.15265,-75.3632055
El rincón de las delicias venezolanas,Rionegro,Antioquia,Colombia, Restaurante,6.1499062,-75.3929204
RESTAURANTE 2 ESQUINAS,Rionegro,Antioquia,Colombia, Restaurante,6.1513113,-75.3877223
Zutrans,Rionegro,Antioquia,Colombia," Sushi, Restaurante",6.1050899,-75.4196456
Asados Villa,Rionegro,Antioquia,Colombia, Restaurante,6.144837,-75.375085
Bc/Brasas de Colombia,Rionegro,Antioquia,Colombia, Restaurante,6.1476101,-75.386897
Popsy,Rionegro,Antioquia,Colombia, Restaurante,6.1490923,-75.377681
Consuelo M Ceballos os,Rionegro,Antioquia,Colombia, Restaurante,6.1490188,-75.3789523
Piccolo Llanogrande,Rionegro,Antioquia,Colombia, Restaurante,6.1244743,-75.4196342
Taberna y Restaurante Gabys,Rionegro,Antioquia,Colombia, Restaurante,6.129026,-75.380068
Paerez Montoya Rionegr,Rionegro,Antioquia,Colombia, Restaurante,6.1490188,-75.3789523
Alhambre Calambre,Rionegro,Antioquia,Colombia, Restaurante,6.1197486,-75.4329645
disfruta z k fruta,Rionegro,Antioquia,Colombia, Restaurante,6.1308507,-75.3803498
Piza Tio Ricardo,Rionegro,Antioquia,Colombia, Restaurante,6.1385291,-75.3850198
Hot-Wings,Rionegro,Antioquia,Colombia, Restaurante,6.1599635,-75.3702069
La Manteleria,Rionegro,Antioquia,Colombia, Restaurante,6.1188244,-75.4363747
Picolino Expres,Rionegro,Antioquia,Colombia, Restaurante,6.1464546,-75.3800574
Bar Ricuras Y Café,Rionegro,Antioquia,Colombia," Pub y bar, Café, Restaurante",6.1530379,-75.374829
Shanikar,Rionegro,Antioquia,Colombia," Comida rápida, Restaurante",6.1492656,-75.3860388
Amparo Rendón,Rionegro,Antioquia,Colombia, Restaurante,6.1552853,-75.3725042
Mundos Ribs,Rionegro,Antioquia,Colombia, Restaurante,6.1522694,-75.3710633
EL FARO,Rionegro,Antioquia,Colombia, Restaurante,6.1476054,-75.3732807
Kirrikiki,Rionegro,Antioquia,Colombia, Restaurante,6.152615,-75.3737738
Mezzaluna Cocina Natural,Rionegro,Antioquia,Colombia, Restaurante,6.1775749,-75.5862422
Amordiscos,Rionegro,Antioquia,Colombia, Restaurante,6.1724412,-75.5855777
Ricuras M&R,Rionegro,Antioquia,Colombia, Restaurante,6.1269013,-75.3820748
Bar El Palomar,Rionegro,Antioquia,Colombia," Pub y bar, Restaurante",6.606589,-75.9404171
Que Rico,Rionegro,Antioquia,Colombia, Restaurante,6.1468578,-75.3796381
Savanna Gourmet,Rionegro,Antioquia,Colombia, Restaurante,6.14726,-75.37954
Deli Reposteria,Rionegro,Antioquia,Colombia," Restaurante, Postres",6.1468493,-75.3785357
Taberna Bar Evocación,Rionegro,Antioquia,Colombia," Pub y bar, Restaurante",6.152094,-75.373861
Granero Familiar,Rionegro,Antioquia,Colombia, Restaurante,6.153478,-75.37514
Licorera Kr55b 22,Rionegro,Antioquia,Colombia, Restaurante,6.129262,-75.380753
Kaeiro lounge,Rionegro,Antioquia,Colombia, Restaurante,6.1310729,-75.380237
Bar San Remo,Rionegro,Antioquia,Colombia," Pub y bar, Restaurante",6.128585,-75.381186
Colom,Rionegro,Antioquia,Colombia, Restaurante,6.1490188,-75.3789523
San Joan Despi Barcelona,Rionegro,Antioquia,Colombia, Restaurante,6.15564,-75.373135
Restaurante Buen Apetito,Rionegro,Antioquia,Colombia, Restaurante,6.141344,-75.376998
Detalles Mariangel,Rionegro,Antioquia,Colombia, Restaurante,6.15458,-75.374965
Restaurante Danymar,Rionegro,Antioquia,Colombia, Restaurante,6.152081,-75.374171
Supermercado Merkemas Autoservicio,Rionegro,Antioquia,Colombia, Restaurante,6.153091,-75.37312
Restaurante Las Vegas,Rionegro,Antioquia,Colombia, Restaurante,6.1540359,-75.374184
Bar Nelcon,Rionegro,Antioquia,Colombia," Pub y bar, Restaurante",6.129481,-75.379983
Granos Y Legumbres Merkarlos,Rionegro,Antioquia,Colombia, Restaurante,6.151658,-75.3762239
Bar El Cantinazo,Rionegro,Antioquia,Colombia," Pub y bar, Restaurante",6.129713,-75.380431
Restaurante Fríjoles Y Pollo,Rionegro,Antioquia,Colombia, Restaurante,6.155646,-75.372071
Bar El Viejo Faro,Rionegro,Antioquia,Colombia," Pub y bar, Restaurante",6.152604,-75.373773
Agencia de Abarrotes San Francisco,Rionegro,Antioquia,Colombia, Restaurante,6.154456,-75.3724
Bar La Tertulia de La 47,Rionegro,Antioquia,Colombia," Pub y bar, Restaurante",6.151911,-75.376975
Bar Dolarex,Rionegro,Antioquia,Colombia," Pub y bar, Restaurante",6.15393,-75.3752389
Distribuidora de Carnes,Rionegro,Antioquia,Colombia, Restaurante,6.152563,-75.374818
Licorera Blue,Rionegro,Antioquia,Colombia, Restaurante,6.155572,-75.373672
Comidas Santo Sabor,Rionegro,Antioquia,Colombia, Restaurante,6.159906,-75.369467
Rancho Y Licores El Gran Colonial,Rionegro,Antioquia,Colombia, Restaurante,6.153255,-75.37264
Café Bar Añoranzas,Rionegro,Antioquia,Colombia," Pub y bar, Café, Restaurante",6.1545059,-75.374992
Bar Barra La Bonga,Rionegro,Antioquia,Colombia," Pub y bar, Restaurante",6.15471,-75.373612
Restaurante Guaraní,Rionegro,Antioquia,Colombia, Restaurante,6.156996,-75.370512
Bar Rinconcito Vallenato,Rionegro,Antioquia,Colombia," Pub y bar, Restaurante",6.154708,-75.373597
Bar El Viejo,Rionegro,Antioquia,Colombia," Pub y bar, Restaurante",6.154623,-75.373621
Bar Rocal,Rionegro,Antioquia,Colombia," Pub y bar, Restaurante",6.153706,-75.375335
Granero Ebejico Jf,Rionegro,Antioquia,Colombia, Restaurante,6.15979,-75.3695
Licorería Jarabe,Rionegro,Antioquia,Colombia, Restaurante,6.152216,-75.373598
Salento restaurante café,Rionegro,Antioquia,Colombia," Coffee houses, Café, Restaurante",6.1409828,-75.3772999
Restaurante La Estación - mercadito gourmet,Rionegro,Antioquia,Colombia, Restaurante,6.1535944,-75.3741878
Racler Llanogrande,Rionegro,Antioquia,Colombia, Restaurante,6.1252696,-75.4232153
Mi montañita,Rionegro,Antioquia,Colombia, Restaurante,6.153605,-75.3717125
Temaki,Rionegro,Antioquia,Colombia, Restaurante,6.1289053,-75.3800834
